id,name,url,category,price,reasons
8,Котлеты из птицы паровые с отварным рисом замороженные 560 г              ,https://edostavka.by/product/2245240,Еда от Шефа,12.99,Комплексная пищевая добавка
9,"Котлеты ""Папараць-кветка"" с картофельными дольками  замороженные 500 г            ",https://edostavka.by/product/2245237,Еда от Шефа,14.49,Комплексная пищевая добавка
11,"Шашлык из мяса цыплят-бройлеров Сочный филе  охлажденный, 800 г  ",https://edostavka.by/product/2296420,Еда от Шефа,20.49,Комплексная пищевая добавка
12,"Шашлык из мяса цыплят-бройлеров  Плечевая часть крыла  с травами охлажденный, 800г",https://edostavka.by/product/2296416,Еда от Шефа,15.09,Комплексная пищевая добавка
13,Шашлык из свинины с травами охлажденный 800 г    ,https://edostavka.by/product/2296424,Еда от Шефа,20.89,Комплексная пищевая добавка
14,"Шашлык из свинины Туристический охлажденный,  800 г    ",https://edostavka.by/product/2296425,Еда от Шефа,18.99,Комплексная пищевая добавка
15,"Шашлык из свинины Классический охлажденный, 800 г    ",https://edostavka.by/product/2296423,Еда от Шефа,25.19,Комплексная пищевая добавка
16,Сметанник 100 г,https://edostavka.by/product/1248185,Еда от Шефа,1.69,Комплексная пищевая добавка
19,Булочка Лакомка маковая 100 г,https://edostavka.by/product/1409247,Еда от Шефа,1.59,Комплексная пищевая добавка; Улучшитель хлебобулочный
21,"Круассан зерновой, 90 г  ",https://edostavka.by/product/2094815,Еда от Шефа,1.19,Улучшитель хлебобулочный
23,Булочка Ароматная 100 г,https://edostavka.by/product/1508844,Еда от Шефа,1.59,Комплексная пищевая добавка; Улучшитель хлебобулочный
26,Круассан со сгущенкой  70 г,https://edostavka.by/product/1256906,Еда от Шефа,0.99,Пищевая добавка (неуточнённая); Комплексная пищевая добавка
27,Ромовая  Баба 140 г,https://edostavka.by/product/1248193,Еда от Шефа,2.59,Комплексная пищевая добавка; Улучшитель хлебобулочный
32,"Полоска со вкусом шоколада, 150 г",https://edostavka.by/product/1467557,Еда от Шефа,2.39,Комплексная пищевая добавка
36,Булочка Чайная с творогом 100 г,https://edostavka.by/product/1408006,Еда от Шефа,2.09,Пищевая добавка (неуточнённая)
37,Суп с фрикадельками из птицы замороженный 600 г,https://edostavka.by/product/1946035,Еда от Шефа,5.89,Комплексная пищевая добавка
38,Слойка Шоколадная 85 г,https://edostavka.by/product/2013474,Еда от Шефа,1.59,Комплексная пищевая добавка
39,Слойка Хачапури 100 г,https://edostavka.by/product/1421192,Еда от Шефа,2.99,Комплексная пищевая добавка
40,"Круассан на сливочном масле, 85 г",https://edostavka.by/product/1430491,Еда от Шефа,2.29,Улучшитель хлебобулочный
43,Котлета Папараць-кветка замороженная 600 г,https://edostavka.by/product/1059672,Еда от Шефа,13.19,Комплексная пищевая добавка; Улучшитель хлебобулочный
47,"Слойка с ветчиной и сыром, 90 г",https://edostavka.by/product/1256639,Еда от Шефа,1.89,Комплексная пищевая добавка
48,"Слойка Франкфуртская с кетчупом, 110 г",https://edostavka.by/product/1000019,Еда от Шефа,2.69,Комплексная пищевая добавка
53,Хлеб Каспийский 240 г,https://edostavka.by/product/2090590,Еда от Шефа,1.62,Комплексная пищевая добавка; Улучшитель хлебобулочный
57,"Котлета по-киевски замороженный, 450 г",https://edostavka.by/product/2174749,Еда от Шефа,12.39,Комплексная пищевая добавка
59,"Драники с грудинкой и свининой в грибном соусе охлажденные, 300 г",https://edostavka.by/product/2092994,Еда от Шефа,8.25,Комплексная пищевая добавка
61,Холодник Минский  600 г,https://edostavka.by/product/2143953,Еда от Шефа,8.39,Комплексная пищевая добавка
62,"Филе хека запечённое  Рыба под овощами и сыром с картофельным пюре, охлажденное, 250 г",https://edostavka.by/product/1536136,Еда от Шефа,5.35,Комплексная пищевая добавка
64,Биточки Чижовские замороженные 600 г,https://edostavka.by/product/1058171,Еда от Шефа,11.99,Комплексная пищевая добавка
65,Мучное кулинарное изделие Беляши Домашние 200 г,https://edostavka.by/product/1622500,Еда от Шефа,4.99,Комплексная пищевая добавка
66,"Плов Food Восточный со свининой, 250 г",https://edostavka.by/product/1628492,Еда от Шефа,5.75,Комплексная пищевая добавка
67,"Паста Food&Go Карбонара, 250 г",https://edostavka.by/product/1440790,Еда от Шефа,5.59,Комплексная пищевая добавка
68,"Котлета Папараць Кветка с картофельным пюре, 250 г",https://edostavka.by/product/1409919,Еда от Шефа,6.95,Комплексная пищевая добавка
69,Котлета из птицы с сыром замороженная 600 г,https://edostavka.by/product/1098513,Еда от Шефа,14.59,Комплексная пищевая добавка
72,Зразы картофельные с говядиной  замороженные 600 г,https://edostavka.by/product/1798682,Еда от Шефа,17.49,Комплексная пищевая добавка
73,"Котлеты из филе тунца с моцареллой замороженные, 270 г",https://edostavka.by/product/2151983,Еда от Шефа,8.49,Комплексная пищевая добавка
74,Борщ с говядиной замороженный 600 г,https://edostavka.by/product/1798676,Еда от Шефа,12.79,Комплексная пищевая добавка
76,"Котлета из филе индейки со сливочным сыром и шпинатом, замороженная, 400г  ",https://edostavka.by/product/2234073,Еда от Шефа,14.59,Комплексная пищевая добавка
77,Пицца Домашняя с ветчиной 200 г,https://edostavka.by/product/1814431,Еда от Шефа,6.99,Комплексная пищевая добавка
81,"Панкейки с творожным кремом охлажденные, 160 г",https://edostavka.by/product/2225782,Еда от Шефа,3.79,Комплексная пищевая добавка
82,"Фрикадельки по-шведски в  соусе с картофельным пюре, охлажденные, 300 г",https://edostavka.by/product/2218938,Еда от Шефа,8.65,Комплексная пищевая добавка
84,Булочное изделие Бейгл 160 г,https://edostavka.by/product/2199333,Еда от Шефа,1.49,Комплексная пищевая добавка; Улучшитель хлебобулочный
85,Суши-сет Хитоцу 590 г,https://edostavka.by/product/1253433,Еда от Шефа,16.39,Комплексная пищевая добавка
86,"Суп гороховый От шефа замороженный, 600 г",https://edostavka.by/product/2133417,Еда от Шефа,6.39,Комплексная пищевая добавка
87,Салат Оливье с колбасой 500 г,https://edostavka.by/product/1348114,Еда от Шефа,10.89,Комплексная пищевая добавка
89,Суши-сет Ямато 300 г,https://edostavka.by/product/1253435,Еда от Шефа,11.35,Комплексная пищевая добавка; Влагоудерживающий агент
96,"Слойка зерновая с курицей, 90 г",https://edostavka.by/product/2093799,Еда от Шефа,2.19,Комплексная пищевая добавка
97,Смаженка с колбасой замороженная 250 г,https://edostavka.by/product/1981092,Еда от Шефа,5.49,Комплексная пищевая добавка
100,"Салат Винегрет Овощной, 500 г",https://edostavka.by/product/2142151,Еда от Шефа,9.19,Комплексная пищевая добавка
103,"Котлеты  рубленые из птицы  замороженные, 600 г",https://edostavka.by/product/1408012,Еда от Шефа,12.69,Комплексная пищевая добавка
104,"Суп-пюре из чечевицы с моцареллой, замороженный, 260 г  ",https://edostavka.by/product/2222911,Еда от Шефа,4.19,Комплексная пищевая добавка
106,Рассольник Ленинградский с филе цыпленка замороженный  600 г,https://edostavka.by/product/1983559,Еда от Шефа,8.79,Комплексная пищевая добавка
107,Изделие кулинарное готовое желированное Заливное с цыпленком 270 г,https://edostavka.by/product/2204612,Еда от Шефа,6.49,Комплексная пищевая добавка
108,"Салат Итальянский с пастой, курицей и грибным соусом, охлажденный, 230 г",https://edostavka.by/product/2175260,Еда от Шефа,7.85,Комплексная пищевая добавка
111,"Колбаски Премьер охлажденный, 1 кг",https://edostavka.by/product/2164525,Еда от Шефа,21.09,Комплексная пищевая добавка
112,Заливное с языком 270 г,https://edostavka.by/product/2204613,Еда от Шефа,10.79,Комплексная пищевая добавка
114,Багет пшенично-ржаной 200 г,https://edostavka.by/product/2103642,Еда от Шефа,3.99,Улучшитель хлебобулочный; Комплексная пищевая добавка
115,Солянка сборная мясная замороженная 250 г,https://edostavka.by/product/1058186,Еда от Шефа,5.99,Комплексная пищевая добавка
119,"Тефтели из цыпленка в овощном соусе с картофельным пюре, замороженные, 300 г    ",https://edostavka.by/product/2222917,Еда от Шефа,8.29,Комплексная пищевая добавка
120,Пицца римская Пепперони замороженная 420 г    ,https://edostavka.by/product/2281758,Еда от Шефа,13.69,Комплексная пищевая добавка
122," Отбивные из птицы Рябушка охлажденные, 400 г",https://edostavka.by/product/2065346,Еда от Шефа,7.99,Комплексная пищевая добавка
123,Булочки Малинка 200 г,https://edostavka.by/product/2229032,Еда от Шефа,2.29,Комплексная пищевая добавка; Улучшитель хлебобулочный
125,"Фарш из филе цыпленка-бройлера и свинины Панский охлажденный, 500 г",https://edostavka.by/product/2057072,Еда от Шефа,12.69,Комплексная пищевая добавка
126,"Голубцы с куриной грудкой, замороженные, 1/1000",https://edostavka.by/product/832770,Еда от Шефа,17.49,Комплексная пищевая добавка
127,Котлета из птицы паровая с отварным рисом  замороженная 280 г,https://edostavka.by/product/1098561,Еда от Шефа,7.19,Комплексная пищевая добавка
128,Суп перловый с грибами замороженный 600 г,https://edostavka.by/product/1983563,Еда от Шефа,6.19,Комплексная пищевая добавка
130,"Круассан с начинкой со вкусом фисташки, 65 г                ",https://edostavka.by/product/2245783,Еда от Шефа,1.99,Комплексная пищевая добавка
131,Салат Капуста аппетитная по-слуцки 500 г,https://edostavka.by/product/2128741,Еда от Шефа,5.69,Комплексная пищевая добавка
133,"Салат Куриный с медово-горчичной заправкой, охлажденный,  230 г",https://edostavka.by/product/1464241,Еда от Шефа,7.45,Комплексная пищевая добавка
134,"Десерт Моти манго, маракуйя, дор блю,  210 г",https://edostavka.by/product/2266451,Еда от Шефа,10.99,Комплексная пищевая добавка; Пищевая добавка (неуточнённая)
135,Тефтели из индейки в сливочном соусе с гречневой кашей замороженные 320 г,https://edostavka.by/product/1098600,Еда от Шефа,10.89,Комплексная пищевая добавка
137,"Голубцы с куриной грудкой готовые, замороженные, 520 г ",https://edostavka.by/product/1815320,Еда от Шефа,14.29,Комплексная пищевая добавка
144,Котлеты из птицы с овощами замороженные 600 г,https://edostavka.by/product/1847098,Еда от Шефа,12.99,Комплексная пищевая добавка
145,Бульон куриный от Шефа  замороженный 600 г,https://edostavka.by/product/1983558,Еда от Шефа,7.09,Комплексная пищевая добавка
146,"Суп-пюре из шпината и филе цыпленка, замороженный, 250 г",https://edostavka.by/product/2074770,Еда от Шефа,5.89,Комплексная пищевая добавка
151,Драники по-домашнему с курицей замороженные 600 г,https://edostavka.by/product/1981087,Еда от Шефа,17.09,Комплексная пищевая добавка
153,"Суп Норвежский с красной рыбой замороженный,  250 г",https://edostavka.by/product/2074394,Еда от Шефа,8.69,Комплексная пищевая добавка
158,Котлета По-киевски с картофельным пюре замороженная 275 г,https://edostavka.by/product/982718,Еда от Шефа,9.39,Комплексная пищевая добавка
160,"Изделие кулинарное Салат Из капусты со свежим огурцом и зеленью, 500 г",https://edostavka.by/product/2143958,Еда от Шефа,5.49,Комплексная пищевая добавка
161,"Борщ Food с мясом охлажденный, 300 г",https://edostavka.by/product/1376897,Еда от Шефа,5.79,Комплексная пищевая добавка
163,"Зразы рыбные с яйцом замороженные, 600 г",https://edostavka.by/product/2089644,Еда от Шефа,15.79,Комплексная пищевая добавка
165,"Котлеты ""По-Киевски"" замороженные 375 г",https://edostavka.by/product/1971976,Еда от Шефа,19.69,Комплексная пищевая добавка
166,Круассан с начинкой со вкусом миндаля 65 г                ,https://edostavka.by/product/2245782,Еда от Шефа,2.19,Комплексная пищевая добавка
169,"Лепешки роти Карбонара с грибами замороженые, 170г",https://edostavka.by/product/2210138,Еда от Шефа,7.89,Комплексная пищевая добавка; Пищевая добавка (неуточнённая)
171,"Плов со свининой от Шефа замороженный, 500 г",https://edostavka.by/product/1798677,Еда от Шефа,13.29,Комплексная пищевая добавка
173,"Мясо по-французски с печёным картофелем и грибами, охлажденное, 250 г",https://edostavka.by/product/2196262,Еда от Шефа,10.25,Комплексная пищевая добавка
174,"Тефтели из цыпленка Нежные замороженные, 600 г",https://edostavka.by/product/2219834,Еда от Шефа,14.19,Комплексная пищевая добавка
175,"Оладьи из печени Food&Go с картофельным пюре, охлажденные, 250 г",https://edostavka.by/product/2067651,Еда от Шефа,6.15,Комплексная пищевая добавка
176,"Котлеты из птицы, паровые, замороженные, 390 г  ",https://edostavka.by/product/2169650,Еда от Шефа,16.59,Комплексная пищевая добавка
183,"Биточки из филе  минтая с овощами замороженные, 600 г",https://edostavka.by/product/2089641,Еда от Шефа,16.29,Комплексная пищевая добавка
184,"Купаты из свинины Домашние охлажденный, 1 кг",https://edostavka.by/product/2164526,Еда от Шефа,18.99,Комплексная пищевая добавка
186,"Голубцы со свининой и говядиной замороженные, 1000",https://edostavka.by/product/832772,Еда от Шефа,17.99,Комплексная пищевая добавка
187,"Котлета из цыпленка-бройллера  с маслом  и жаренным  картофелем, охлажденная, 250 г",https://edostavka.by/product/2095545,Еда от Шефа,8.69,Комплексная пищевая добавка
189,Блинчики с субпродуктами замороженные 540 г,https://edostavka.by/product/1504809,Еда от Шефа,13.89,Комплексная пищевая добавка
190,"Хот-дог Датский с маринованным огурчиком и горчицей, охлажденный, 135 г",https://edostavka.by/product/2201016,Еда от Шефа,3.95,Комплексная пищевая добавка
195,"Хот-дог по-корейски с пряной морковью и жареным луком, охлажденный, 135 г",https://edostavka.by/product/2201018,Еда от Шефа,3.75,Комплексная пищевая добавка
196,"Фишболы со сливочным сыром и шпинатом замороженные, 310 г",https://edostavka.by/product/2089660,Еда от Шефа,11.89,Комплексная пищевая добавка
199,Жульен из цыпленка 210 г,https://edostavka.by/product/2235829,Еда от Шефа,9.09,Комплексная пищевая добавка
201,"Котлеты из минтая с кальмаром замороженные, 410г",https://edostavka.by/product/2089646,Еда от Шефа,14.29,Комплексная пищевая добавка
205,Сэндвич с курицей терияки 180 г,https://edostavka.by/product/2240438,Еда от Шефа,5.95,Улучшитель хлебобулочный; Комплексная пищевая добавка
209,Тефтели из индейки замороженные 600 г,https://edostavka.by/product/1098519,Еда от Шефа,19.49,Комплексная пищевая добавка
214,"Купаты из свинины Беловежские охлажденные, 1 кг",https://edostavka.by/product/2097032,Еда от Шефа,17.99,Комплексная пищевая добавка
218,Котлета Папараць-кветка с картофельными дольками  замороженная 250 г,https://edostavka.by/product/1376028,Еда от Шефа,7.99,Комплексная пищевая добавка
221,Спагетти с соусом Болоньезе замороженные 250 г,https://edostavka.by/product/987096,Еда от Шефа,7.89,Комплексная пищевая добавка
222,Блинчики с яблоком и корицей жареные замороженные 600 г,https://edostavka.by/product/1896937,Еда от Шефа,11.59,Комплексная пищевая добавка
223,Булочки Вишенька 200 8г,https://edostavka.by/product/2229031,Еда от Шефа,2.35,Комплексная пищевая добавка; Улучшитель хлебобулочный
224,"Омлет по-испански с лососем, 200 г",https://edostavka.by/product/2235833,Еда от Шефа,8.19,Комплексная пищевая добавка
228,"Рулетики из филе птицы с беконом, замороженные, 600 г",https://edostavka.by/product/1904840,Еда от Шефа,22.19,Комплексная пищевая добавка
231," Пицца Римская Мясная Баварская замороженная, 480 г    ",https://edostavka.by/product/2240550,Еда от Шефа,10.99,Комплексная пищевая добавка
232,"Пицца Римская Барбекю замороженная, 470 г      ",https://edostavka.by/product/2240551,Еда от Шефа,13.99,Комплексная пищевая добавка
233," Пицца Римская Охотничья с грибами замороженная, 490 г                ",https://edostavka.by/product/2240558,Еда от Шефа,13.79,Комплексная пищевая добавка
234,"Люля-Кебаб из цыпленка замороженный, 480 г              ",https://edostavka.by/product/2245784,Еда от Шефа,14.29,Комплексная пищевая добавка
235,"Смаженка барбекю, замороженная, 250 г",https://edostavka.by/product/2265829,Еда от Шефа,7.39,Комплексная пищевая добавка; Пищевая добавка (неуточнённая)
239,"Жюльен из птицы  замороженный, 1/ 300 г",https://edostavka.by/product/2012700,Еда от Шефа,8.49,Комплексная пищевая добавка
240,"Слойка Нежность со сливочным сыром, замороженая, 1/200, 2 шт",https://edostavka.by/product/1990879,Еда от Шефа,7.59,Комплексная пищевая добавка
241,"Тарталетки Чизкейк с соленой карамелью и арахисом замороженные,  4 шт, 180 г  ",https://edostavka.by/product/2198972,Еда от Шефа,9.89,Комплексная пищевая добавка
242,"Блинчики с творожно-кокосовой начинкой, замороженные, 540 г",https://edostavka.by/product/2168087,Еда от Шефа,10.99,Комплексная пищевая добавка
243,"Сэндвич с индейкой и вялеными томатами, 175 г",https://edostavka.by/product/2240440,Еда от Шефа,6.39,Улучшитель хлебобулочный; Комплексная пищевая добавка
244,"Салат со свеклой, рукколой и фетой 220 г",https://edostavka.by/product/2266010,Еда от Шефа,7.59,Комплексная пищевая добавка
245,"Колбаски Хуторянские охлажденные, 600 г",https://edostavka.by/product/2229779,Еда от Шефа,13.29,Комплексная пищевая добавка
246,Спагетти Карбонара замороженные 250 г,https://edostavka.by/product/987113,Еда от Шефа,8.39,Комплексная пищевая добавка; Пищевая добавка (неуточнённая)
251,"Котлета Люси из птицы  Food&Go охлажденная, 400 г",https://edostavka.by/product/2054827,Еда от Шефа,11.29,Комплексная пищевая добавка
255,Салат овощной с тунцом с соево-медовой заправкой 230 г ,https://edostavka.by/product/2266032,Еда от Шефа,8.79,Комплексная пищевая добавка
259,Салат Цезарь с креветками 1/200 г,https://edostavka.by/product/2026750,Еда от Шефа,8.99,Комплексная пищевая добавка
263,"Салат с баклажанами, томатами и сыром фета в кисло-сладком соусе  240 г",https://edostavka.by/product/2266008,Еда от Шефа,10.29,Комплексная пищевая добавка
264,Блинчики с ветчиной и сыром жаренные замороженные 600 г,https://edostavka.by/product/1059791,Еда от Шефа,20.49,Комплексная пищевая добавка
266,"Рулетики из цукини с куриной грудкой замороженные, 1/1000 г",https://edostavka.by/product/2002421,Еда от Шефа,16.49,Комплексная пищевая добавка
270,"Лазанья Food Болоньезе, 350 г",https://edostavka.by/product/1951473,Еда от Шефа,9.75,Комплексная пищевая добавка
271,Рулетики из окорочков со сливочным сыром и капустой брокколи замороженные  500г                ,https://edostavka.by/product/2245787,Еда от Шефа,13.49,Комплексная пищевая добавка
272,"Пицца римская Пикантная, замороженная, 450 г  ",https://edostavka.by/product/2286248,Еда от Шефа,14.99,Комплексная пищевая добавка
283,"Шашлык из филе цыпленка в маринаде Сливочное лето замороженный, 800 г  ",https://edostavka.by/product/2263433,Еда от Шефа,19.99,Комплексная пищевая добавка
287,"Блинчики с пастой ореховой и бананом, замороженные, 540 г",https://edostavka.by/product/2219981,Еда от Шефа,14.99,Комплексная пищевая добавка
291,"Котлета рыбная с мясом форели замороженные, 480 г",https://edostavka.by/product/2100591,Еда от Шефа,20.99,Комплексная пищевая добавка
293," Пицца Римская сливочный цыпленок с ананасом замороженная, 480 г             ",https://edostavka.by/product/2240556,Еда от Шефа,15.69,Комплексная пищевая добавка
294,"Десерт Моти с клубникой 140 г, 2 шт",https://edostavka.by/product/2296414,Еда от Шефа,7.99,Комплексная пищевая добавка
297,"Пицца римская Четыре сыра, замороженная, 430 г  ",https://edostavka.by/product/2286250,Еда от Шефа,17.09,Комплексная пищевая добавка
298,Лепешка Сырная 110 г,https://edostavka.by/product/1248194,Еда от Шефа,2.29,Комплексная пищевая добавка
492,"Салат Leor Спаржа по-корейски, 250 г",https://edostavka.by/product/172934,Овощи и фрукты,5.19,Комплексная пищевая добавка
598,"Сыр тво­рож­ный SVEZA сливочный, 60%, 350 г",https://edostavka.by/product/2087617,"Молоко, яйца",9.49,Комплексная пищевая добавка
599,"Мороженое Feelin пломбир с наполнителем фисташка, клубника, ваниль и заварной крем, 160 г",https://edostavka.by/product/2087637,"Молоко, яйца",5.33,Комплексная пищевая добавка
646,"Сыр творожный SVEZA Легкий, 35%, 150 г",https://edostavka.by/product/1193331,"Молоко, яйца",3.69,Комплексная пищевая добавка
648,"Сырок творожный глазированный Молочная страна Картошка, 18%, 45 г",https://edostavka.by/product/1006037,"Молоко, яйца",0.99,Комплексная пищевая добавка
656,"Йогурт Беллакт детский, с пребиотиком, 3.2%, 100 г",https://edostavka.by/product/879943,"Молоко, яйца",0.74,Комплексная пищевая добавка
657,"Йогурт питьевой Беллакт детский, клубника и банан, 2.6%, 210 г",https://edostavka.by/product/1191889,"Молоко, яйца",1.39,Комплексная пищевая добавка
666,"Сырок творожный глазированный Савушкин Коровка, 23%, 40 г",https://edostavka.by/product/981845,"Молоко, яйца",0.9,Комплексная пищевая добавка
668,"Мороженое Лакомка ванильное, 70 г",https://edostavka.by/product/717605,"Молоко, яйца",1.99,Комплексная пищевая добавка
669,"Сырок творожный глазированный Молочная страна чизкейк, 18%, 45 г",https://edostavka.by/product/1000327,"Молоко, яйца",0.96,Комплексная пищевая добавка
676,"Мороженое Султан сливочное, крем-брюле, в глазури соленая карамель, 80 г ",https://edostavka.by/product/2184554,"Молоко, яйца",1.55,Комплексная пищевая добавка
683,"Мороженое Молочный мир Городень, ваниль, 15%, 100 г",https://edostavka.by/product/979526,"Молоко, яйца",1.89,Комплексная пищевая добавка
690,"Сыр творожный SVEZA сливочный, 60%, 150 г",https://edostavka.by/product/882038,"Молоко, яйца",3.69,Комплексная пищевая добавка
692,"Сырок творожный глазированный Бабушкина крынка сгущенка, 23%, 45 г",https://edostavka.by/product/497166,"Молоко, яйца",1.03,Комплексная пищевая добавка
693,"Йогурт детский Беллакт черника, земляника, ежевика, 3%, 100 г",https://edostavka.by/product/1174766,"Молоко, яйца",0.74,Комплексная пищевая добавка
695,"Мороженое УП Минский хладокомбинат №2 пломбир с ароматом ванили в оболочке из фруктового льда, 70 г",https://edostavka.by/product/562973,"Молоко, яйца",1.3,Комплексная пищевая добавка
705,"Щербет УП Минский хладокомбинат №2 Снежок со вкусом лимона, 80 г",https://edostavka.by/product/2276826,"Молоко, яйца",1.65,Комплексная пищевая добавка
716,"Мороженое Минский хладокомбинат №2 пломбир с ароматом ванили, во фруктовой оболочке с ароматом яблока, 70 г",https://edostavka.by/product/2021115,"Молоко, яйца",1.3,Комплексная пищевая добавка
717,"Йогурт Беллакт детский, яблоко, персик и банан, 3%, 100 г",https://edostavka.by/product/1164597,"Молоко, яйца",0.82,Комплексная пищевая добавка
718,"Йогурт питьевой Беллакт с бифидобактериями, груша-банан, 2,6%,210 г",https://edostavka.by/product/1531309,"Молоко, яйца",1.39,Комплексная пищевая добавка
719,"Творожный десерт Савушкин груша-банан, 3.5%, 120 г",https://edostavka.by/product/1080706,"Молоко, яйца",1.55,Комплексная пищевая добавка
724,"Мороженое Гоша сливочное с ароматом ванили, со вкусами клубники, банана и киви, 65 г",https://edostavka.by/product/2166393,"Молоко, яйца",1.62,Комплексная пищевая добавка
725,"Мороженое Белый полюс пломбир классический, 70 г",https://edostavka.by/product/877001,"Молоко, яйца",2.07,Комплексная пищевая добавка; Пищевая добавка (неуточнённая)
728,"Йогурт питьевой Беллакт детский, лесная ягода, 2.6%, 210 г",https://edostavka.by/product/1191894,"Молоко, яйца",1.39,Комплексная пищевая добавка
732,"Йогурт Савушкин клубника, 2%, 120 г",https://edostavka.by/product/671554,"Молоко, яйца",0.97,Комплексная пищевая добавка
738,"Йогурт Савушкин Апети, пломбир и хрустящие шарики, 5%, 105 г",https://edostavka.by/product/486935,"Молоко, яйца",2.09,Пищевая добавка (неуточнённая)
740,"Творожный десерт Савушкин кокос-миндаль, 3.5%, 120 г",https://edostavka.by/product/338880,"Молоко, яйца",1.55,Комплексная пищевая добавка
746,"Сырок творожный глазированный Топ со вкусом карамель, 2 палочки, 23%, 45 г",https://edostavka.by/product/2200982,"Молоко, яйца",1.24,Комплексная пищевая добавка
750,"Мороженое Белый полюс пломбир классический, 70 г",https://edostavka.by/product/980142,"Молоко, яйца",1.86,Комплексная пищевая добавка
751,"Мороженое Гоша сливочное дыня, арбуз, 65 г",https://edostavka.by/product/889373,"Молоко, яйца",1.62,Комплексная пищевая добавка
757,"Сыр плавленый 1М Молочный Дружба, 55%, 80 г",https://edostavka.by/product/2053841,"Молоко, яйца",2.39,Комплексная пищевая добавка
758,"Молочная каша Беллакт рисовая 3%, 150 г",https://edostavka.by/product/536933,"Молоко, яйца",2.15,Комплексная пищевая добавка
773,"Йогурт Савушкин лесная ягода, 2%, 120 г",https://edostavka.by/product/671553,"Молоко, яйца",0.97,Комплексная пищевая добавка
797,"Йогурт Даниссимо с хрустящими шариками в шоколаде 6,9%, 105 г",https://edostavka.by/product/209720,"Молоко, яйца",2.49,Комплексная пищевая добавка
799,"Сыр творожный SVEZA сливочный, 50%, 200 г",https://edostavka.by/product/2235897,"Молоко, яйца",3.69,Комплексная пищевая добавка
820,"Тво­рож­ный десерт Са­вуш­кин Воз­душ­ный, клубника-земляника, 3.5%,  100 г",https://edostavka.by/product/1957822,"Молоко, яйца",1.59,Комплексная пищевая добавка
824,"Мороженое Бабушкина крынка сливочное, земляника, 8%, 70 г",https://edostavka.by/product/1854027,"Молоко, яйца",1.47,Комплексная пищевая добавка
825,"Творожный десерт Савушкин Воздушный, черника-ежевика, 3.5%, 100 г",https://edostavka.by/product/939807,"Молоко, яйца",1.59,Комплексная пищевая добавка
834,"Творожный десерт Венский завтрак взбитый, 7%, земляника, 125 г",https://edostavka.by/product/2146909,"Молоко, яйца",1.79,Комплексная пищевая добавка
838,"Мороженое Белый полюс пломбир шоколадный, 70 г",https://edostavka.by/product/987482,"Молоко, яйца",1.86,Комплексная пищевая добавка
844,"Творожный десерт Савушкин клубника, 3.5%, 125 г",https://edostavka.by/product/1080696,"Молоко, яйца",1.55,Комплексная пищевая добавка
851,"Сыр полутвердый Landers Сулугуни, 40%, ",https://edostavka.by/product/1193799,"Молоко, яйца",10.62,Комплексная пищевая добавка
854,"Сыр творожный SVEZA с зеленью, 60%, 150 г",https://edostavka.by/product/882039,"Молоко, яйца",3.69,Комплексная пищевая добавка
857,"Мороженое Soletto малина, 75 г",https://edostavka.by/product/561302,"Молоко, яйца",1.98,Комплексная пищевая добавка
860,"Йогурт Савушкин клубника-земляника, 2,0 %, 120 г",https://edostavka.by/product/1788155,"Молоко, яйца",1.11,Комплексная пищевая добавка
861,"Сыр творожный SVEZA сливочный, 50%, 100 г",https://edostavka.by/product/2015474,"Молоко, яйца",2.35,Комплексная пищевая добавка
879,"Сыр творожный SVEZA прованские травы, 50%, 200 г",https://edostavka.by/product/2235898,"Молоко, яйца",3.69,Комплексная пищевая добавка
880,"Йогурт питьевой Беллакт с ароматом вишни, 2,6%, 400 г",https://edostavka.by/product/1661369,"Молоко, яйца",1.49,Комплексная пищевая добавка
881,"Творожный десерт Венский завтрак взбитый, 7 % лимонный пирог, 125 г",https://edostavka.by/product/2146910,"Молоко, яйца",1.79,Комплексная пищевая добавка
886,"Мороженое Бабушкина крынка сливочное, персик, 8%, 70 г",https://edostavka.by/product/1854029,"Молоко, яйца",1.47,Комплексная пищевая добавка
889,"Сырок творожный Молочная страна Любимый, изюм, аромат ванилина, 8.5%, ",https://edostavka.by/product/360623,"Молоко, яйца",1.59,Комплексная пищевая добавка
893,"Мороженое УП Минский хладокомбинат №2 Страчателла пломбир с шоколадной стружкой, 15%, 80 г",https://edostavka.by/product/813721,"Молоко, яйца",2.32,Комплексная пищевая добавка
900,"Желе из молочной сыворотки Yoguru клубника, 150 г",https://edostavka.by/product/1015609,"Молоко, яйца",1.25,Пищевая добавка (неуточнённая)
903,"Мороженое Белый полюс пломбир классический, 75 г",https://edostavka.by/product/709648,"Молоко, яйца",2.13,Комплексная пищевая добавка
904,"Мороженое Молочный мир Городень, шоколадное, 15%, 100 г",https://edostavka.by/product/979528,"Молоко, яйца",2.15,Комплексная пищевая добавка
915,"Сыр творожный SVEZA прованские травы, 60%, 150 г",https://edostavka.by/product/849197,"Молоко, яйца",4.59,Комплексная пищевая добавка
925,"Десерт творожный  Ляховичок Лакомка с наполнителем со вкусом шоколадного брауни и какао, 6%, 100 г",https://edostavka.by/product/2199779,"Молоко, яйца",2.09,Комплексная пищевая добавка
931,"Сырок творожный Молочная страна Любимый, аромат ванилина, 8.5%, ",https://edostavka.by/product/197973,"Молоко, яйца",1.59,Комплексная пищевая добавка
934,"Йогурт Савушкин двухслойный, манго, 2%, 120 г",https://edostavka.by/product/702108,"Молоко, яйца",1.11,Комплексная пищевая добавка
938,"Йогурт Беллакт с фруктовым наполнителем клубника, 2,9%, 380г",https://edostavka.by/product/1507551,"Молоко, яйца",2.09,Комплексная пищевая добавка
941,"Сыр плавленый 1М Молочный Оршанский, 30% , 80 г",https://edostavka.by/product/2053840,"Молоко, яйца",1.99,Комплексная пищевая добавка
948,"Сыр творожный Bonfesto экстрамягкий, 70%, 400 г",https://edostavka.by/product/1527471,"Молоко, яйца",9.35,Комплексная пищевая добавка
951,"Сыр творожный SVEZA сливочный, 60%, 150 г",https://edostavka.by/product/849199,"Молоко, яйца",4.59,Комплексная пищевая добавка
956,"Сыр полутвердый Home Cheese Моцарелла Gold, весовой, 40%, 1 кг",https://edostavka.by/product/536935,"Молоко, яйца",18.99,Пищевая добавка (неуточнённая)
961,"Йогурт Беллакт с фруктовым наполнителем банан, 2.9%, 380 г",https://edostavka.by/product/2097180,"Молоко, яйца",2.09,Комплексная пищевая добавка
964,"Желе из молочной сыворотки Yoguru ананас, 150 г",https://edostavka.by/product/1015608,"Молоко, яйца",1.25,Пищевая добавка (неуточнённая)
968,"Мороженое УП Минский хладокомбинат №2 пломбир Картофельный драник с ароматом ванили, 75 г",https://edostavka.by/product/2222317,"Молоко, яйца",2.37,Пищевая добавка (неуточнённая)
989,"Молочный коктейль Рогачевъ шоколад, 2.5%, 210 г",https://edostavka.by/product/2145776,"Молоко, яйца",1.65,Комплексная пищевая добавка
993,"Молочная каша Беллакт Полезный завтрак, овсяная, 150 г",https://edostavka.by/product/530285,"Молоко, яйца",2.15,Комплексная пищевая добавка
994,"Мороженое протеиновое Active protein с подсластителем со вкусом клубники, 90 г",https://edostavka.by/product/2054922,"Молоко, яйца",2.59,Комплексная пищевая добавка
996,"Желе из молочной сыворотки Yoguru медовая дыня, 150 г",https://edostavka.by/product/2240484,"Молоко, яйца",1.25,Комплексная пищевая добавка
997,"Сыр плавленый 1М Молочный Кисломолочный, 45%, 80 г",https://edostavka.by/product/2053839,"Молоко, яйца",2.15,Комплексная пищевая добавка
999,"Желе из молочной сыворотки Yoguru яблоко, 150 г",https://edostavka.by/product/1015610,"Молоко, яйца",1.25,Пищевая добавка (неуточнённая)
1009,"Молочный коктейль Рогачевъ малина, 2.5%, 210 г",https://edostavka.by/product/2099593,"Молоко, яйца",1.65,Комплексная пищевая добавка
1016,"Творожный десерт Беллакт пирожное, вафля и вареная сгущенка, 23%, 100 г",https://edostavka.by/product/975176,"Молоко, яйца",3.49,Комплексная пищевая добавка
1017,"Йогурт Савушкин Апети, пломбир, рисовые шарики ягодные, 5%, 105 г",https://edostavka.by/product/757868,"Молоко, яйца",2.09,Комплексная пищевая добавка
1020,"Молочный лед Feelin с ароматом грейпфрута, 50 г",https://edostavka.by/product/2142081,"Молоко, яйца",1.39,Комплексная пищевая добавка
1030,"Сыр творожный Bonfesto Кремчиз, сливочный, 65%, 140 г",https://edostavka.by/product/1511313,"Молоко, яйца",4.65,Комплексная пищевая добавка
1037,"Мороженое УП Минский хладокомбинат №2 Каштан капучино, 80 г",https://edostavka.by/product/1948653,"Молоко, яйца",2.37,Пищевая добавка (неуточнённая)
1040,"Мороженое Brinko Ice Пломбир на сливках шоколадный, 250 г",https://edostavka.by/product/764259,"Молоко, яйца",4.43,Комплексная пищевая добавка
1050,"Йогурт Даниссимо с хрустящими шариками с ягодным вкусом 6.9%, 105 г",https://edostavka.by/product/569462,"Молоко, яйца",2.49,Комплексная пищевая добавка
1054,"Молочный коктейль Рогачевъ протеиновый со вкусом банана, 2.5%, 210 г",https://edostavka.by/product/2286877,"Молоко, яйца",4.35,Комплексная пищевая добавка
1058,"Твороженный десерт Венский завтрак клубника, 7%, 125 г",https://edostavka.by/product/2152649,"Молоко, яйца",1.79,Комплексная пищевая добавка
1063,"Сыр тво­рож­ный Bonfesto Balance овощи гриль, 65%, 140 г",https://edostavka.by/product/2241348,"Молоко, яйца",3.59,Комплексная пищевая добавка
1094,"Мо­лоч­ный кок­тейль Рогачевъ протеиновый со вкусом карамели, 2.5%, 210 г",https://edostavka.by/product/2186241,"Молоко, яйца",4.35,Комплексная пищевая добавка
1097,"Сыр творожный Bonfesto Cream Cheese, 70%, 500 г",https://edostavka.by/product/705232,"Молоко, яйца",12.85,Комплексная пищевая добавка
1099,"Сыр плавленый Hochland чизбургер, 45%, 150 г",https://edostavka.by/product/61282,"Молоко, яйца",6.45,Пищевая добавка (неуточнённая)
1101,"Йогурт Бабушкина крынка ананас-манго, 2 %, 310 г",https://edostavka.by/product/1341546,"Молоко, яйца",2.12,Комплексная пищевая добавка
1102,"Творожный десерт Ляховичок Лакомка, лимон-малина, 6%, 200 г",https://edostavka.by/product/869478,"Молоко, яйца",3.15,Комплексная пищевая добавка; Влагоудерживающий агент
1104,"Мороженое «Jattis» пломбир ванильный с клубничным джемом, 120 г",https://edostavka.by/product/704402,"Молоко, яйца",3.55,Комплексная пищевая добавка
1108,"Сырок творожный глазированный Тимоша брауни, орех-шоколад, 15%, 60 г",https://edostavka.by/product/2096754,"Молоко, яйца",1.85,Комплексная пищевая добавка
1109,"Сыр плавленый President Чизбургер, 40%, 150 г",https://edostavka.by/product/726926,"Молоко, яйца",5.79,Комплексная пищевая добавка
1127,"Сыр творожный Савушкин сливочный, 65%, 1 кг",https://edostavka.by/product/2199766,"Молоко, яйца",18.99,Комплексная пищевая добавка
1136,"Йогурт Беллакт Sweet heart, персик, 2.5%, 150 г",https://edostavka.by/product/875586,"Молоко, яйца",1.49,Комплексная пищевая добавка
1137,"Молочный коктейль Рогачевъ протеиновый со вкусом фисташки, 2.5%, 210 г",https://edostavka.by/product/2286878,"Молоко, яйца",4.35,Комплексная пищевая добавка
1141,"Сыр твердый Active life безлактозный, 45%, ",https://edostavka.by/product/1878073,"Молоко, яйца",5.43,Комплексная пищевая добавка
1142,"Мороженое Каприз пломбир фисташковый на печенье, 90 г",https://edostavka.by/product/2144867,"Молоко, яйца",2.36,Комплексная пищевая добавка
1143,"Сыр творожный Bonfesto Кремчиз с трюфелем, 65%, 140 г",https://edostavka.by/product/2241345,"Молоко, яйца",4.29,Комплексная пищевая добавка
1158,"Творожный десерт Genetika пирожное с ароматом ванили в глазури на бисквите, 5%, 60 г",https://edostavka.by/product/2230034,"Молоко, яйца",1.69,Комплексная пищевая добавка
1162,"Желе из молочной сыворотки Yoguru апероль, 150 г",https://edostavka.by/product/2240483,"Молоко, яйца",1.25,Комплексная пищевая добавка
1172,"Йогурт Даниссимо с шариками, клубника-шоколад, 6.9%, 105 г",https://edostavka.by/product/1727104,"Молоко, яйца",2.59,Комплексная пищевая добавка
1175,"Сыр творожный Bonfesto Кремчиз, сливочный, 70%, 400 г",https://edostavka.by/product/1547713,"Молоко, яйца",11.75,Комплексная пищевая добавка
1181,"Йогурт питьевой Беллакт клубника, 2.6 %, 400 г",https://edostavka.by/product/417218,"Молоко, яйца",1.69,Комплексная пищевая добавка
1188,"Мороженое Feelin пломбир рисовые шарики в глазури с ароматом банана, 60 г",https://edostavka.by/product/2122614,"Молоко, яйца",3.27,Комплексная пищевая добавка
1189,"Сыр плавленный копченый Брест-Литовск  40%, 150 г",https://edostavka.by/product/763483,"Молоко, яйца",5.19,Пищевая добавка (неуточнённая)
1193,"Крем Минская марка сливончный, ультрапастеризованный, 33%, 0.2 л",https://edostavka.by/product/2096662,"Молоко, яйца",4.75,Комплексная пищевая добавка
1195,"Мороженое Jattis эскимо, сливочное с ароматом ванили с рисовыми шариками в белой шоколадной глазури со вкусом чили, малина, 70 г",https://edostavka.by/product/2245903,"Молоко, яйца",2.69,Комплексная пищевая добавка
1196,"Творожный десерт Венский завтрак малина-гранат, 7%, 125 г",https://edostavka.by/product/2145027,"Молоко, яйца",1.79,Комплексная пищевая добавка
1204,"Йогурт Бабушкина крынка чернослив-злаки, 2%, 310 г",https://edostavka.by/product/1374146,"Молоко, яйца",2.12,Комплексная пищевая добавка
1209,"Мороженое Feelin пломбир Капучино с сырной пенкой, 100 г",https://edostavka.by/product/2224930,"Молоко, яйца",3.3,Комплексная пищевая добавка
1213,"Йогурт Skittles с малиной, 2.5%, 150 г",https://edostavka.by/product/2095392,"Молоко, яйца",1.4,Комплексная пищевая добавка
1215,"Сырок творожный глазированный Тимоша ванильный, с шоколадным бисквитом и фисташкой, 15%, 60 г",https://edostavka.by/product/2182508,"Молоко, яйца",1.95,Влагоудерживающий агент
1224,"Творожный  десерт Венский завтрак черника, 7%, 125 г",https://edostavka.by/product/2152057,"Молоко, яйца",1.79,Комплексная пищевая добавка
1225,"Мороженое Loventa Крем-чиз сливочное с клюквенным наполнителем в шоколадной глазури, 65 г",https://edostavka.by/product/2219539,"Молоко, яйца",3.56,Комплексная пищевая добавка
1234,"Сыр плавленый President ассорти, 45%, 140 г",https://edostavka.by/product/4279,"Молоко, яйца",4.99,Комплексная пищевая добавка
1238,"Творожный десерт Минская марка Снежок, с маком и желатинками, 7%, 400 г",https://edostavka.by/product/931734,"Молоко, яйца",6.05,Комплексная пищевая добавка
1245,"Мороженое Feelin соленая карамель с фундуком и вафельной крошкой, 60 г",https://edostavka.by/product/2102663,"Молоко, яйца",2.33,Комплексная пищевая добавка; Пищевая добавка (неуточнённая)
1246,"Творожный десерт Genetika пирожное с какао в глазури на бисквите, 5%, 60 г",https://edostavka.by/product/2230033,"Молоко, яйца",1.69,Комплексная пищевая добавка
1248,"Йогурт питьевой #Можно безлактозный натуральный, 1.7%, 430 г",https://edostavka.by/product/1796233,"Молоко, яйца",1.78,Комплексная пищевая добавка
1249,"Продукт кисломолочный Exponenta Immuno shot со вкусом клубники, 1.5%, 0.1 кг",https://edostavka.by/product/1975384,"Молоко, яйца",2.09,Комплексная пищевая добавка
1253,"Йогурт Молочный мир Yogo-Fruit, вишня, 2.5%, 150 г",https://edostavka.by/product/885617,"Молоко, яйца",1.42,Пищевая добавка (неуточнённая)
1254,"Йогурт питьевой Рогачевъ с наполнителем черешня-ваниль, 1.5%, 410 г",https://edostavka.by/product/2182250,"Молоко, яйца",2.05,Комплексная пищевая добавка
1256,"Йогурт питьевой Лёгкий с наполнителем вишня, 1%, 415 г",https://edostavka.by/product/2015479,"Молоко, яйца",2.12,Комплексная пищевая добавка
1263,"Йогурт Молочный мир Белорусский, 2%, 150 г",https://edostavka.by/product/709189,"Молоко, яйца",1.08,Комплексная пищевая добавка
1264,"Йогурт Беллакт Sweet heart, клубника, 2.5%, 150 г",https://edostavka.by/product/875585,"Молоко, яйца",1.6,Пищевая добавка (неуточнённая)
1286,"Сыр мягкий CooKing Кремчиз, 70%, 2250 г",https://edostavka.by/product/829468,"Молоко, яйца",44.99,Комплексная пищевая добавка
1287,"Йогурт Беллакт Sweet heart, черника, 2.5%, 150 г",https://edostavka.by/product/875587,"Молоко, яйца",1.41,Комплексная пищевая добавка
1288,"Йогурт питьевой Лёгкий с наполнителем клубника, 1%, 415 г",https://edostavka.by/product/2015478,"Молоко, яйца",2.12,Комплексная пищевая добавка
1289,"Сыр плавленый ProFit высокобелковый, сливочный, 130 г",https://edostavka.by/product/2293365,"Молоко, яйца",6.59,Комплексная пищевая добавка
1291,"Мороженое Jattis сливочное со вкусом попкорн с наполнителем соленая карамель,  180 г",https://edostavka.by/product/2235953,"Молоко, яйца",6.51,Комплексная пищевая добавка
1292,"Мороженое Наше детство ваниль с солью, 80 г",https://edostavka.by/product/2237600,"Молоко, яйца",2.23,Комплексная пищевая добавка
1302,"Мороженое Feelin пломбир с ароматом миндаля и печенья, 60 г",https://edostavka.by/product/1978951,"Молоко, яйца",1.87,Пищевая добавка (неуточнённая); Комплексная пищевая добавка
1303,"Мороженое Магнат Даниссимо, невероятно сливочный, 62 г",https://edostavka.by/product/2240500,"Молоко, яйца",4.74,Комплексная пищевая добавка
1308,"Мороженое Магнат gold крем-чиз и соленая карамель, 65 г",https://edostavka.by/product/2176133,"Молоко, яйца",5.84,Влагоудерживающий агент
1309,"Сыр плавленый President Чеддер, 40%, 150 г",https://edostavka.by/product/726924,"Молоко, яйца",5.79,Комплексная пищевая добавка
1310,"Йогурт Беллакт Sweet heart, вишня, 2.5%, 150 г",https://edostavka.by/product/875584,"Молоко, яйца",1.49,Комплексная пищевая добавка
1311,"Сыр творожный Bonfesto Кремчиз, с наполнителем зелень, 65%, 140 г",https://edostavka.by/product/1511315,"Молоко, яйца",4.65,Функциональная смесь
1312,"Йогурт питьевой #Можно безлактозный, со вкусом яблоко-банан, 1.5%, 430 г",https://edostavka.by/product/1796232,"Молоко, яйца",2.15,Комплексная пищевая добавка
1313,"Сыр тво­рож­ный Bonfesto Balance, кремчиз, 65%, 140 г",https://edostavka.by/product/2241346,"Молоко, яйца",3.79,Комплексная пищевая добавка
1314,"Мороженое Белый Полюс пломбир, шоколадный, 75 г",https://edostavka.by/product/1126866,"Молоко, яйца",2.13,Комплексная пищевая добавка
1327,"Йогурт Молочный мир Yogo-Fruit, персик, 2.5%, 150 г",https://edostavka.by/product/885634,"Молоко, яйца",1.42,Комплексная пищевая добавка
1329,"Йогурт питьевой #Можно безлактозный, клубника, 1.5%, 430 г",https://edostavka.by/product/2173613,"Молоко, яйца",2.44,Комплексная пищевая добавка
1336,"Молочный коктейль Yomilk Protein клубника, 1.5%, 200 г",https://edostavka.by/product/2201515,"Молоко, яйца",3.89,Комплексная пищевая добавка
1344,"Йогурт Беллакт с фруктовым наполнителем черника, 2,9%, 380г",https://edostavka.by/product/1507552,"Молоко, яйца",2.27,Комплексная пищевая добавка
1359,"Сыр плавленый Ласковое лето со вкусом и ароматом ветчины, 40%, 170 г",https://edostavka.by/product/2240282,"Молоко, яйца",4.19,Комплексная пищевая добавка
1361,"Молочный коктейль Yomilk Protein кофе мокко, 1.5%, 200 г",https://edostavka.by/product/2201513,"Молоко, яйца",3.99,Комплексная пищевая добавка
1373,"Йогурт питьевой Лёгкий с наполнителем персик, 1%, 900 г",https://edostavka.by/product/2015475,"Молоко, яйца",4.14,Комплексная пищевая добавка
1380,"Мороженое Feelin пломбир с ароматом маршмеллоу и вишни, 60 г",https://edostavka.by/product/1978953,"Молоко, яйца",2.33,Комплексная пищевая добавка
1382,"Йогурт Молочный мир Белорусский, 2%, 350 г",https://edostavka.by/product/709190,"Молоко, яйца",1.96,Комплексная пищевая добавка
1389,"Молочный коктейль Yomilk Protein шоколад, 1.5%, 200 г",https://edostavka.by/product/2201516,"Молоко, яйца",3.99,Комплексная пищевая добавка
1394,"Мороженое Белый Полюс пломбир крем-брюле, в вафельном сахарном рожке,70 г",https://edostavka.by/product/2086575,"Молоко, яйца",2.3,Комплексная пищевая добавка
1399,"Мороженое Jattis сливочное с ароматом ванили с рисовыми шариками в цветной глазури  с ароматом апельсина Космо, 70 г",https://edostavka.by/product/2245902,"Молоко, яйца",2.69,Комплексная пищевая добавка
1405,"Йогурт питьевой #Можно безлактозный, персик-маракуя, 1.5%, 430 г",https://edostavka.by/product/2154076,"Молоко, яйца",2.44,Комплексная пищевая добавка
1407,"Йогурт Растишка с яблоком, грушей и печеньем 3,0%, 118 г",https://edostavka.by/product/1372143,"Молоко, яйца",2.45,Комплексная пищевая добавка
1408,"Йогурт питьевой Лёгкий с наполнителем клубника, 1%, 900 г",https://edostavka.by/product/2015476,"Молоко, яйца",4.14,Комплексная пищевая добавка
1409,"Йогурт питьевой Лёгкий с наполнителем абрикос-манго, 1%, 415 г",https://edostavka.by/product/1688687,"Молоко, яйца",2.12,Комплексная пищевая добавка
1413,"Крем Беллакт сливочный, стерилизованный, 33%, 0.2 л",https://edostavka.by/product/988822,"Молоко, яйца",4.99,Комплексная пищевая добавка
1419,"Мороженое Feelin пломбир шоколадный рисовые шарики с ароматом фисташки и наполнителем темный шоколад, 75 г",https://edostavka.by/product/2198980,"Молоко, яйца",3.15,Комплексная пищевая добавка
1422,"Сыр плавленый Ласковое лето со вкусом и ароматом сыра Чеддер, 45%, 170 г",https://edostavka.by/product/2240283,"Молоко, яйца",4.19,Комплексная пищевая добавка
1423,"Сыр плавленый President ассорти, 45%, 140 г",https://edostavka.by/product/3349,"Молоко, яйца",4.89,Пищевая добавка (неуточнённая)
1425,"Мо­ро­же­ное Feelin плом­бир  Попкорн"" в глазури с ароматом дыни, 60 г  ",https://edostavka.by/product/2237599,"Молоко, яйца",3.27,Комплексная пищевая добавка
1440,"Сыр творожный Bonfesto песто и базилик, 65%, 125 г",https://edostavka.by/product/1382605,"Молоко, яйца",4.65,Комплексная пищевая добавка
1441,"Молочный коктейль Yomilk Protein пломбир, 1.5%, 200 г",https://edostavka.by/product/2201517,"Молоко, яйца",3.89,Комплексная пищевая добавка
1445,"Творожный крем  Венский завтрак груша-мята, 4.5%, 150 г",https://edostavka.by/product/2243240,"Молоко, яйца",3.19,Комплексная пищевая добавка
1455,"Мороженое Jattis сливочное с ароматом фисташки и наполнителем трюфель, 70 г",https://edostavka.by/product/2180147,"Молоко, яйца",2.69,Комплексная пищевая добавка
1464,"Сыр полутвердый Гауда Голд 45%, ",https://edostavka.by/product/629543,"Молоко, яйца",4.55,Комплексная пищевая добавка
1473,"Йогурт Растишка с клубникой и злаковым драже в цветной глазури со вкусом банан-апельсин, 3%, 116 г",https://edostavka.by/product/2186387,"Молоко, яйца",2.77,Комплексная пищевая добавка
1475,"Йогурт Бабушкина крынка Creamy, с наполнителем тропический микс, чиа, 5%, 200 г",https://edostavka.by/product/2221029,"Молоко, яйца",2.27,Комплексная пищевая добавка
1480,"Молочная каша Беллакт Полезный завтрак, гречневая, 150 г",https://edostavka.by/product/961782,"Молоко, яйца",2.49,Комплексная пищевая добавка
1484,"Йогурт питьевой Бабушкина крынка персик, без добавления сахара, 1.5%, 430 г",https://edostavka.by/product/2016710,"Молоко, яйца",2.34,Комплексная пищевая добавка
1487,"Напиток сывороточный Бабушкина крынка мохито, 0.45 кг",https://edostavka.by/product/2284277,"Молоко, яйца",1.75,Комплексная пищевая добавка
1492,"Йогурт питьевой Лёгкий с наполнителем лесная ягода, 1%, 900 г",https://edostavka.by/product/1553373,"Молоко, яйца",4.14,Комплексная пищевая добавка
1494,"Мороженое Feelin пломбир в молочной глазури, со вкусом кофе капучино, 50 г",https://edostavka.by/product/2142080,"Молоко, яйца",1.95,Комплексная пищевая добавка
1497,"Сыр мягкий Berger с голубой плесенью, 55%, 1 кг",https://edostavka.by/product/1188490,"Молоко, яйца",60.59,Пищевая добавка (неуточнённая)
1501,"Сыр творожный Bonfesto Кремчиз, креветка и зелень, 65%, 140 г",https://edostavka.by/product/1525145,"Молоко, яйца",4.65,Функциональная смесь
1503,"Йогурт питьевой Yoguru 1,5%, клубника, 500 г",https://edostavka.by/product/1026497,"Молоко, яйца",2.26,Комплексная пищевая добавка
1505,"Йогурт питьевой Лёгкий с наполнителем персик, 1%, 415 г",https://edostavka.by/product/2015477,"Молоко, яйца",2.12,Комплексная пищевая добавка
1515,"Йогурт питьевой Рогачевъ с наполнителем персик-абрикос, 1.5%, 410 г",https://edostavka.by/product/2172003,"Молоко, яйца",2.05,Комплексная пищевая добавка
1520,"Мороженое Feelin сливочное с ароматом клубники и с сублимированной малиной, 60 г",https://edostavka.by/product/2102666,"Молоко, яйца",2.33,Комплексная пищевая добавка
1521,"Сыр творожный Bonfesto сливочный, 65%, 125 г",https://edostavka.by/product/1382606,"Молоко, яйца",4.65,Комплексная пищевая добавка
1525,"Творожный крем Венский завтрак лайм-мята, 4.5%, 150 г",https://edostavka.by/product/2243241,"Молоко, яйца",3.19,Комплексная пищевая добавка
1527,"Крем Ясь Белоус сливочный, стерилизованный, 33%, 1 л",https://edostavka.by/product/2245364,"Молоко, яйца",15.99,Комплексная пищевая добавка
1531,"Сыр плавленый ProFit высокобелковый, сливочный, 130 г",https://edostavka.by/product/2293366,"Молоко, яйца",6.95,Комплексная пищевая добавка
1533,"Сыр мягкий Рокфорти с голубой плесенью, 55%, 130 г",https://edostavka.by/product/2152465,"Молоко, яйца",10.49,Пищевая добавка (неуточнённая)
1537,"Мороженое Feelin пломбир с ароматом манго и малины, 60 г",https://edostavka.by/product/1978952,"Молоко, яйца",2.33,Комплексная пищевая добавка
1539,"Сыр мягкий Fresko Рикотта, 10%, 800 г",https://edostavka.by/product/1533411,"Молоко, яйца",6.99,Комплексная пищевая добавка
1542,"Сыр мягкий Templier с голубой плесенью, 55%, 130 г",https://edostavka.by/product/2152466,"Молоко, яйца",11.39,Пищевая добавка (неуточнённая)
1543,"Крем твороженный Венский Завтрак манго-мята, 4.5%, 150 г",https://edostavka.by/product/2153984,"Молоко, яйца",3.19,Комплексная пищевая добавка
1545,"Сыр плавленый Hochland ассорти, 50%, 140 г",https://edostavka.by/product/1243111,"Молоко, яйца",5.75,Комплексная пищевая добавка
1548,"Крем Buonissimo с творогом, десерт с наполнителем киви-крыжовник, 250 г",https://edostavka.by/product/2236057,"Молоко, яйца",2.89,Комплексная пищевая добавка
1555,"На­пи­ток сы­во­ро­точ­ный Skittles апельсин, манго, 950 мл",https://edostavka.by/product/2164188,"Молоко, яйца",2.59,Комплексная пищевая добавка
1556,"Крем Buonissimo с творогом, десерт с наполнителем манго-маракуйя, 250 г",https://edostavka.by/product/2236059,"Молоко, яйца",2.89,Комплексная пищевая добавка
1558,"Сыр плавленный колбасный Ясь Белоус Классический, копченый, 40%, 1 кг",https://edostavka.by/product/343741,"Молоко, яйца",19.55,Пищевая добавка (неуточнённая)
1571,"Сыр творожный Bonfesto Balance, кремчиз, песто и базилик, 65%, 140 г",https://edostavka.by/product/2241347,"Молоко, яйца",4.65,Комплексная пищевая добавка
1575,"Сыр копченый полутвердый Беловежский с перцем и чесноком, 42%, 1 кг",https://edostavka.by/product/1311730,"Молоко, яйца",34.39,Пищевая добавка (неуточнённая)
1591,"Сыр твердый Молодея Рокфорти с голубой плесенью, 55%, 1 кг",https://edostavka.by/product/929338,"Молоко, яйца",59.59,Пищевая добавка (неуточнённая)
1595,"Мороженое Jattis сливочное со вкусом личи с фруктовым наполнителем ананас-личи, 180 г ",https://edostavka.by/product/2235952,"Молоко, яйца",6.51,Комплексная пищевая добавка
1605,"Сыр мягкий Молочный мир взбитый с наполнителем Ким-чи, 55%, 120 г",https://edostavka.by/product/2283731,"Молоко, яйца",4.19,Комплексная пищевая добавка
1613,"Сыр плавленый колбасный 1М Молочный Минчанка, копченый, 40 %, 1 кг",https://edostavka.by/product/2053802,"Молоко, яйца",25.05,Комплексная пищевая добавка
1617,"Сыр мягкий Chef Works 10%, 800 г",https://edostavka.by/product/2227849,"Молоко, яйца",6.75,Комплексная пищевая добавка
1625,"Йогурт питьевой Yoguru манго- апельсин, 1.5 %, 500 г",https://edostavka.by/product/1883168,"Молоко, яйца",2.5,Комплексная пищевая добавка
1627,"Йогурт Detox малина-злаки, 2%, 230 г",https://edostavka.by/product/2150715,"Молоко, яйца",2.72,Комплексная пищевая добавка
1630,"Щербет Минский хладокомбинат №2 с ароматом дюшеса и корицы, 1 кг",https://edostavka.by/product/2077285,"Молоко, яйца",16.45,Комплексная пищевая добавка
1633,"Сыр сверхтвердый Danke пармезан, 6 месяцев созревания, 40%, ",https://edostavka.by/product/665748,"Молоко, яйца",6.19,Комплексная пищевая добавка
1636,"Мороженое-торт Loventa пломбир со вкусом черничного чизкейка, кусочками малины и клубнично-малиново-черничный, 500 г",https://edostavka.by/product/2233861,"Молоко, яйца",19.32,Комплексная пищевая добавка
1639,"Десерт Шоколадная колбаса из печенья с какао и изюмом, 25%, 300 г",https://edostavka.by/product/2067671,"Молоко, яйца",7.99,Комплексная пищевая добавка
1656,"Сыр мягкий Templier с  голубой плесенью, 55%, 1 кг",https://edostavka.by/product/929337,"Молоко, яйца",60.35,Пищевая добавка (неуточнённая)
1658,"Сыр плавленый колбасный 1М Молочный Белорусский, копченый, 40 %, 1 кг",https://edostavka.by/product/2053829,"Молоко, яйца",23.59,Комплексная пищевая добавка
1671,"Сыр мягкий Молочный мир взбитый с наполнителем Том-Ям-Тай, 55%, 120 г",https://edostavka.by/product/2283732,"Молоко, яйца",4.19,Комплексная пищевая добавка
1686,"Мороженое «Белый полюс» пломбир, ваниль, 12%, 200 г",https://edostavka.by/product/876992,"Молоко, яйца",4.75,Комплексная пищевая добавка
1687,"Творожный десерт Ehrmann Grand Duet, Шоко трио, 7.3%, 138 г",https://edostavka.by/product/946000,"Молоко, яйца",4.35,Комплексная пищевая добавка
1692,"Сыр твердый Гауда весовой, 45%, 1 кг",https://edostavka.by/product/1449373,"Молоко, яйца",25.85,Комплексная пищевая добавка
1694,"Мороженое УП Минский хладокомбинат №2 пломбир с клубникой и ароматом ванили, 1 кг",https://edostavka.by/product/2078806,"Молоко, яйца",22.84,Комплексная пищевая добавка
1697,"Желе Buonissimo со вкусом киви, 150г",https://edostavka.by/product/594038,"Молоко, яйца",1.59,Комплексная пищевая добавка
1699,"Творожный десерт Ehrmann Grand Duet, Мечта единорога, 5.5%, 135 г",https://edostavka.by/product/945994,"Молоко, яйца",4.35,Комплексная пищевая добавка
1705,"Йогурт Да­нис­си­мо с ша­ри­ка­ми со вкусом маракуйи и манго, 6.9%, 105 г",https://edostavka.by/product/2228684,"Молоко, яйца",2.91,Комплексная пищевая добавка
1712,"Сыр мягкий Gunzola Naturele с голубой плесенью , 55%, 1 кг",https://edostavka.by/product/1974596,"Молоко, яйца",64.05,Пищевая добавка (неуточнённая)
1715,"Сыр мягкий Chef Works 40%, 800 г",https://edostavka.by/product/2244419,"Молоко, яйца",10.79,Комплексная пищевая добавка
1724,"Йогурт питьевой Лёгкий с наполнителем банан-клубника, 1 %, 900 г",https://edostavka.by/product/2262404,"Молоко, яйца",4.13,Комплексная пищевая добавка
1726,"Сыр творожный Савушкин сливочный, 65%, 2.4 кг",https://edostavka.by/product/1109772,"Молоко, яйца",47.99,Комплексная пищевая добавка
1730,"Йогурт питьевой Греческий гранат-малина, 0.5%, 430 г",https://edostavka.by/product/667401,"Молоко, яйца",2.5,Комплексная пищевая добавка
1731,"Сыр плавленый Hochland сливочный, 50%, 140 г",https://edostavka.by/product/1810663,"Молоко, яйца",6.65,Комплексная пищевая добавка
1738,"Сыр плавленый Hochland мега ломтиксо вкусом сыра  чеддер, 45%, 140 г ",https://edostavka.by/product/2294227,"Молоко, яйца",11.65,Комплексная пищевая добавка
1741,"Тофу Vegetus экстратвёрдый, 190 г",https://edostavka.by/product/2060806,"Молоко, яйца",5.85,Пищевая добавка (неуточнённая)
1754,"Крем 1М Молочный сливочный, уль­тра­па­сте­ри­зо­ван­ный, 33%,  1 л",https://edostavka.by/product/2088627,"Молоко, яйца",21.95,Комплексная пищевая добавка
1766,"Сыр сверхтвердый Danke Пармезан, 12 месяцев созревания, 40%, ",https://edostavka.by/product/2164539,"Молоко, яйца",15.39,Комплексная пищевая добавка
1778,"Сыр плавленный Лас­ко­вое лето со вкусом и ароматом ветчины, 40%, 350 г",https://edostavka.by/product/2245480,"Молоко, яйца",7.65,Комплексная пищевая добавка
1788,"Масса творожная Творожкино сладкая со вкусом пломбира и ванили, 8%, 200 г",https://edostavka.by/product/2196639,"Молоко, яйца",3.59,Комплексная пищевая добавка
1816,"Десерт Шоколадная колбаса из печенья с какао, 25%, 300 г",https://edostavka.by/product/2003294,"Молоко, яйца",10.85,Комплексная пищевая добавка
1819,"Сыр мягкий Молочный мир взбитый с наполнителем Джу-сай, 55%, 120 г",https://edostavka.by/product/2283730,"Молоко, яйца",3.49,Комплексная пищевая добавка
1825,"Творожный десерт Беллакт торт с изюмом с ореховой начинкой, 24%, 200 г",https://edostavka.by/product/566644,"Молоко, яйца",5.25,Комплексная пищевая добавка
1827,"Сыр плавленый President Чеддер, 45%, 140 г",https://edostavka.by/product/810159,"Молоко, яйца",4.99,Комплексная пищевая добавка
1832,"Йогурт Detox тыква-мюсли, 2%, 230 г",https://edostavka.by/product/2150717,"Молоко, яйца",2.62,Комплексная пищевая добавка
1839,"Крем Минская марка сливочный, ультрапастеризованный, 33%, 1 л",https://edostavka.by/product/1525681,"Молоко, яйца",21.95,Комплексная пищевая добавка
1844,"Творожный десерт Новогрудские Дары с наполнителем рафаэлло, 10%, 140 г",https://edostavka.by/product/2176380,"Молоко, яйца",3.85,Комплексная пищевая добавка
1846,"Напиток йогуртный Узнай мир клубнично-малиновый пломбир, 1.5%, 420 г",https://edostavka.by/product/2227763,"Молоко, яйца",2.49,Комплексная пищевая добавка
1850,"Сыр мягкий Городенъ сливочный, 55%, 300 г",https://edostavka.by/product/1851516,"Молоко, яйца",8.49,Комплексная пищевая добавка
1858,"Крем Buonissimo с творогом, маскарпоне, 250 г",https://edostavka.by/product/1883589,"Молоко, яйца",7.19,Комплексная пищевая добавка
1861,"Сыр плавленый Dip Viola со вкусом чеддер, 180 г",https://edostavka.by/product/2215994,"Молоко, яйца",6.25,Комплексная пищевая добавка
1862," Сыр полутвердый Гравиера с паприкой, 45%, ",https://edostavka.by/product/2240744,"Молоко, яйца",8.08,Комплексная пищевая добавка
1866,"Сыр плавленый Hochland сливочный, 45%, 150 г",https://edostavka.by/product/902286,"Молоко, яйца",6.49,Пищевая добавка (неуточнённая)
1869,"Сыр плавленый Creamburg со вкусом четыре сыра, 130 г",https://edostavka.by/product/1631672,"Молоко, яйца",4.29,Комплексная пищевая добавка
1888,"Творожный десерт Новогрудские Дары с наполнителем марципан, 10%, 140 г",https://edostavka.by/product/2222925,"Молоко, яйца",3.85,Комплексная пищевая добавка
1891,"ПРодукт плавленный Джил плавленый, с вялеными томатами, 40%, 100 г",https://edostavka.by/product/1068285,"Молоко, яйца",7.55,Комплексная пищевая добавка
1902,"Крем на растительных маслах ПаштЕgg с копченым яйцом, 140 г",https://edostavka.by/product/2058400,"Молоко, яйца",4.79,Комплексная пищевая добавка
1908,"Сыр плавленый Dip Viola со вкусом сливочный сыр, 180 г",https://edostavka.by/product/2294868,"Молоко, яйца",6.25,Комплексная пищевая добавка
1920,"Сыр мягкий Деревенский соленый, с грибами, 28%, 1 кг",https://edostavka.by/product/2165633,"Молоко, яйца",20.75,Комплексная пищевая добавка
1924,"Десерт Шоколадная колбаса из печенья  с наполнителем кокос-крем 25%, 300 г",https://edostavka.by/product/2060549,"Молоко, яйца",10.25,Комплексная пищевая добавка
1944,"Напиток кисломолочный Йогофит с наполнителем папайя-чиа, 2.0%, 950 г",https://edostavka.by/product/2294993,"Молоко, яйца",4.45,Комплексная пищевая добавка
1965,"Сыр мягкий Chef Works 10%, 1100 г",https://edostavka.by/product/2227850,"Молоко, яйца",10.09,Комплексная пищевая добавка
1968,"Сыр плавленый Creamburg со вкусом четыре сыра, 140 г",https://edostavka.by/product/1631693,"Молоко, яйца",6.95,Комплексная пищевая добавка
1969,"Молочный коктейль Это Вкусно с какао и вкусом молочного шоколада, ультрапастеризованный, 2%, 1 кг",https://edostavka.by/product/2053706,"Молоко, яйца",6.05,Комплексная пищевая добавка
1974,"Желе Bubbls Bar со вкусом киви и манго, 300 г",https://edostavka.by/product/2293208,"Молоко, яйца",5.59,Комплексная пищевая добавка
1985,Пирожное Лимонное 350 г,https://edostavka.by/product/2266017,"Хлеб, выпечка",11.45,Комплексная пищевая добавка
1988,Торт Шоколадный пломбир 900 г,https://edostavka.by/product/313016,"Хлеб, выпечка",22.55,Влагоудерживающий агент
1989,"Торт Съешь меня трюфельный,  500 г",https://edostavka.by/product/66005,"Хлеб, выпечка",14.45,Комплексная пищевая добавка
1990,Пирожное Клубника-маракуйя 360 г,https://edostavka.by/product/2222915,"Хлеб, выпечка",10.99,Комплексная пищевая добавка
1992,Пирожное Творожно-карамельное 400 г,https://edostavka.by/product/2266018,"Хлеб, выпечка",13.65,Комплексная пищевая добавка
1993,Торт Морковный 1 кг,https://edostavka.by/product/1838169,"Хлеб, выпечка",32.65,Комплексная пищевая добавка
1995,"Пирожное заварное Элиз со сметанным кремом, 240 г",https://edostavka.by/product/2291416,"Хлеб, выпечка",11.45,Комплексная пищевая добавка
1997,Торт Вечерняя Венеция 1 кг,https://edostavka.by/product/556946,"Хлеб, выпечка",27.39,Комплексная пищевая добавка
2000,Торт Арахисовое удовольствие 900 г,https://edostavka.by/product/1356056,"Хлеб, выпечка",27.89,Комплексная пищевая добавка
2005,"Торт Йогуртовый с персиком, 950 г",https://edostavka.by/product/1214681,"Хлеб, выпечка",27.49,Комплексная пищевая добавка
2007,Торт Сникерс 400 г,https://edostavka.by/product/2211259,"Хлеб, выпечка",14.55,Комплексная пищевая добавка
2008,Торт Эстерхази 425 г,https://edostavka.by/product/2211260,"Хлеб, выпечка",16.39,Комплексная пищевая добавка
2011,Торт Крещатик 1 кг,https://edostavka.by/product/2196633,"Хлеб, выпечка",26.85,Комплексная пищевая добавка
2013,"Торт Венский десерт вишня, малина, ежевика, голубика, 600 г",https://edostavka.by/product/2222913,"Хлеб, выпечка",16.79,Комплексная пищевая добавка
2014,Пирожное Клубничное наслаждение 380 г,https://edostavka.by/product/2263485,"Хлеб, выпечка",11.25,Комплексная пищевая добавка
2021,Набор пирожных Ягодное наслаждение 380 г,https://edostavka.by/product/2222914,"Хлеб, выпечка",11.25,Комплексная пищевая добавка
2025,Пирожное Вишневое наслаждение 380 г,https://edostavka.by/product/2132807,"Хлеб, выпечка",11.25,Комплексная пищевая добавка
2028,Батон Для вашей семьи нарезанный 500 г,https://edostavka.by/product/1353943,"Хлеб, выпечка",2.17,Комплексная пищевая добавка
2029,"Хлеб Фитнес нарезанный, 250 г",https://edostavka.by/product/1466677,"Хлеб, выпечка",1.86,Комплексная пищевая добавка
2031,"Батон Для вашей семьи нарезанный, 240 г",https://edostavka.by/product/1355586,"Хлеб, выпечка",1.22,Комплексная пищевая добавка
2043,Хлеб сэндвичный пшеничный American Sandwich 470 г,https://edostavka.by/product/132697,"Хлеб, выпечка",5.16,Улучшитель хлебобулочный
2047,"Хлеб Шпинатный нарезанный, 250 г",https://edostavka.by/product/2145438,"Хлеб, выпечка",1.86,Комплексная пищевая добавка
2049,"Хлеб тостовый Brown's Bakery XXL, нарезанный, 500 г",https://edostavka.by/product/983436,"Хлеб, выпечка",2.23,Комплексная пищевая добавка
2050,"Хлеб Рапсовый микс нарезанный, 250 г",https://edostavka.by/product/2063202,"Хлеб, выпечка",1.86,Комплексная пищевая добавка
2052,"Круассан с сыром, 85 г",https://edostavka.by/product/1707469,"Хлеб, выпечка",1.49,Улучшитель хлебобулочный
2053,Багет Итальянский 150 г,https://edostavka.by/product/2284045,"Хлеб, выпечка",1.17,Комплексная пищевая добавка; Улучшитель хлебобулочный
2054,"Хлеб Марусин нарезанный, 400 г",https://edostavka.by/product/617435,"Хлеб, выпечка",1.67,Улучшитель хлебобулочный
2056,"Хлеб с семечками подовый, нарезанный, 450 г",https://edostavka.by/product/2209546,"Хлеб, выпечка",1.89,Комплексная пищевая добавка
2058,"Хлеб Смачны с тмином подовый, нарезанный, 450 г",https://edostavka.by/product/2209543,"Хлеб, выпечка",1.64,Комплексная пищевая добавка
2063,"Батон Традиционный новый сдобный, нарезанный, 225 г",https://edostavka.by/product/2169955,"Хлеб, выпечка",1.31,Комплексная пищевая добавка
2067,"Хлеб Смачны подовый, нарезанный, 450 г",https://edostavka.by/product/2209545,"Хлеб, выпечка",1.62,Комплексная пищевая добавка
2068,"Хлеб Особый заварной, нарезанный, 430 г",https://edostavka.by/product/2138097,"Хлеб, выпечка",1.52,Комплексная пищевая добавка
2069,"Пряники Гроднохлебпром неманские, 350 г",https://edostavka.by/product/1129652,"Хлеб, выпечка",2.41,Комплексная пищевая добавка
2073,"Хлеб Вясковы нарезанный, 400 г",https://edostavka.by/product/2239191,"Хлеб, выпечка",1.59,Комплексная пищевая добавка
2075,"Батон Молочный сдобный, нарезанный, 400 г",https://edostavka.by/product/1461635,"Хлеб, выпечка",2.27,Комплексная пищевая добавка
2081,"Хлеб тостовый пшеничный Mr.TOST  нарезанный, 450 г",https://edostavka.by/product/1355599,"Хлеб, выпечка",3.49,Улучшитель хлебобулочный
2087,"Пирожное Сказка  замороженное, 100 г",https://edostavka.by/product/1284377,"Хлеб, выпечка",2.99,Комплексная пищевая добавка; Влагоудерживающий агент
2089,"Хлеб Пшеничный с отрубями нарезанный, 250 г",https://edostavka.by/product/2139260,"Хлеб, выпечка",1.07,Комплексная пищевая добавка
2094,"Батон Традиционный новый сдобный, нарезанный, 450 г",https://edostavka.by/product/2169956,"Хлеб, выпечка",2.24,Комплексная пищевая добавка
2095,"Булочки для гамбургера, 360 г, 6 шт",https://edostavka.by/product/2284040,"Хлеб, выпечка",2.95,Комплексная пищевая добавка; Улучшитель хлебобулочный
2097,"Хлеб Матулін нарезанный, 350 г",https://edostavka.by/product/2100878,"Хлеб, выпечка",2.62,Комплексная пищевая добавка
2112,"Сушки La'komo с ароматом ванили, 200 г",https://edostavka.by/product/572072,"Хлеб, выпечка",2.39,Улучшитель хлебобулочный
2115,Булочки Для хот-дога 240 г,https://edostavka.by/product/2284043,"Хлеб, выпечка",2.25,Комплексная пищевая добавка; Улучшитель хлебобулочный
2121,"Крендельки Старый Мельник с солью, 300 г",https://edostavka.by/product/1964101,"Хлеб, выпечка",2.95,Комплексная пищевая добавка
2128,"Хлеб сэндвичный пшеничный  American Sandwich с отрубями, 515 г",https://edostavka.by/product/250523,"Хлеб, выпечка",5.16,Улучшитель хлебобулочный
2130,Сладости мучные Маффин с шоколадом 70 г,https://edostavka.by/product/748076,"Хлеб, выпечка",1.85,Комплексная пищевая добавка
2143,"Хлеб тостовый пшеничный Mr.TOST консервированный спиртом, нарезанный, 300г",https://edostavka.by/product/1266069,"Хлеб, выпечка",2.78,Улучшитель хлебобулочный
2146,"Сладости  мучные Дежевю сгущенное молоко, 200 г",https://edostavka.by/product/2237988,"Хлеб, выпечка",3.17,Комплексная пищевая добавка; Пищевая добавка (неуточнённая)
2151,Хлеб Фитнес 250 г,https://edostavka.by/product/2291147,"Хлеб, выпечка",2.08,Комплексная пищевая добавка
2152,"Полуфабрикат из слоеного дрожжевого теста Булочка с корицей замороженный, 180 г",https://edostavka.by/product/2159109,"Хлеб, выпечка",3.89,Комплексная пищевая добавка
2153,"Хлеб Домочай ситный, нарезанный, 475 г",https://edostavka.by/product/2216199,"Хлеб, выпечка",2.14,Пищевая добавка (неуточнённая)
2156,Булочка для гамбургера 320 г,https://edostavka.by/product/1454125,"Хлеб, выпечка",2.33,Комплексная пищевая добавка; Улучшитель хлебобулочный
2158,"Булочки Bimbo английский маффин, 240 г",https://edostavka.by/product/2157272,"Хлеб, выпечка",7.13,Улучшитель хлебобулочный
2160,"Хлеб то­сто­вый Brown's Bakery XXL, светлый, нарезанный, 240 г ",https://edostavka.by/product/1838027,"Хлеб, выпечка",1.85,Комплексная пищевая добавка; Улучшитель хлебобулочный
2161,Батон Привычный 300 г,https://edostavka.by/product/2061216,"Хлеб, выпечка",2.68,Комплексная пищевая добавка
2164,Сдоба Завиванец маковый 300 г,https://edostavka.by/product/2102061,"Хлеб, выпечка",3.53,Комплексная пищевая добавка; Улучшитель хлебобулочный
2166,Сладости мучные Маффин шоколадный 70 г,https://edostavka.by/product/978896,"Хлеб, выпечка",1.75,Комплексная пищевая добавка
2168,Багет Старт 250 г,https://edostavka.by/product/2289584,"Хлеб, выпечка",1.74,Комплексная пищевая добавка
2175,"Хлеб Тот самый с клюквой,  нарезанный, 200 г",https://edostavka.by/product/2226041,"Хлеб, выпечка",2.82,Комплексная пищевая добавка
2176,"Хлеб Менскi Каханы  нарезанный, 350 г",https://edostavka.by/product/2258615,"Хлеб, выпечка",1.63,Комплексная пищевая добавка
2177,"Бисквит Сваё Борнео с корицей, 250 г",https://edostavka.by/product/2222351,"Хлеб, выпечка",3.39,Комплексная пищевая добавка
2180,"Хлебец Ваш вкус с морской капустой, 210 г",https://edostavka.by/product/2217164,"Хлеб, выпечка",1.72,Комплексная пищевая добавка
2181,"Изделия булочные Рулетики с маком, 250 г",https://edostavka.by/product/2284038,"Хлеб, выпечка",3.54,Комплексная пищевая добавка; Улучшитель хлебобулочный
2185,"Сладости  мучные Афродита мак, 250 г",https://edostavka.by/product/2237990,"Хлеб, выпечка",4.09,Комплексная пищевая добавка; Пищевая добавка (неуточнённая)
2187,Торт Слуцкi смак 1 кг,https://edostavka.by/product/857168,"Хлеб, выпечка",31.59,Комплексная пищевая добавка
2188,"Булочки молочные «Русский бисквит» с шоколадным вкусом, 10х35 г",https://edostavka.by/product/990379,"Хлеб, выпечка",5.69,Комплексная пищевая добавка; Улучшитель хлебобулочный
2189,"Хлеб то­сто­вый Brown's Bakery XXL, зерновой, нарезанный, 240 г ",https://edostavka.by/product/1838030,"Хлеб, выпечка",2.29,Комплексная пищевая добавка; Улучшитель хлебобулочный
2190,Булочки К завтраку 500 г,https://edostavka.by/product/2284039,"Хлеб, выпечка",4.61,Комплексная пищевая добавка; Улучшитель хлебобулочный
2195,"Булочки Bimbo для гамбургеров с кунжутом, 240 г",https://edostavka.by/product/1518955,"Хлеб, выпечка",5.47,Комплексная пищевая добавка; Улучшитель хлебобулочный
2197,Торт Птичье молоко 530 г,https://edostavka.by/product/944560,"Хлеб, выпечка",15.55,Комплексная пищевая добавка; Влагоудерживающий агент
2200,"Торт Венский пирог вишня в коньяке, 250 г",https://edostavka.by/product/719044,"Хлеб, выпечка",7.95,Влагоудерживающий агент; Комплексная пищевая добавка
2202,"Пирожное шоколадное Brioche  замороженное, 270 г",https://edostavka.by/product/2227758,"Хлеб, выпечка",13.39,Комплексная пищевая добавка
2203,Пирожное Тирамису 350 г,https://edostavka.by/product/2291505,"Хлеб, выпечка",11.89,Комплексная пищевая добавка
2204,"Пирог Завиванец с маком и корицей, 300 г",https://edostavka.by/product/2196130,"Хлеб, выпечка",4.06,Комплексная пищевая добавка
2210,"Набор пирожных Сказка замороженный, 250 г",https://edostavka.by/product/2227274,"Хлеб, выпечка",7.69,Комплексная пищевая добавка
2211,Сдоба Завиванец изюменка 300 г,https://edostavka.by/product/2076460,"Хлеб, выпечка",3.29,Комплексная пищевая добавка
2213,Изделия сдобные булочные Пышки ванильные 250 г,https://edostavka.by/product/2284033,"Хлеб, выпечка",2.46,Комплексная пищевая добавка; Улучшитель хлебобулочный
2214,"Булочки Bimbo макси с кунжутом, 252 г",https://edostavka.by/product/2065673,"Хлеб, выпечка",5.71,Комплексная пищевая добавка; Улучшитель хлебобулочный
2215,Пирожное Картошка обсыпная замороженное 140 г (2 шт)    ,https://edostavka.by/product/2243808,"Хлеб, выпечка",3.89,Влагоудерживающий агент
2217,"Сдоба творожная, 400 г",https://edostavka.by/product/2172471,"Хлеб, выпечка",3.41,Комплексная пищевая добавка
2220,"Пирожное Рафаэлло Brioche замороженное, 250 г",https://edostavka.by/product/2227756,"Хлеб, выпечка",13.95,Комплексная пищевая добавка
2225,"Кекс творожный с глазурью, 330 г",https://edostavka.by/product/2266452,"Хлеб, выпечка",7.69,Влагоудерживающий агент
2226,"Кукурузные палочки ХрумСтик со вкусом колы, 120 г",https://edostavka.by/product/1988494,"Хлеб, выпечка",2.25,Пищевая добавка (неуточнённая)
2230,Сладости мучные  Круассан с шоколадной начинкой 80 г,https://edostavka.by/product/1408399,"Хлеб, выпечка",2.43,Комплексная пищевая добавка; Улучшитель хлебобулочный
2233,Пирожное Пражское 360 г,https://edostavka.by/product/2240264,"Хлеб, выпечка",10.99,Комплексная пищевая добавка
2238,Сладости мучные Маффин с изюмом 70 г,https://edostavka.by/product/748075,"Хлеб, выпечка",1.75,Комплексная пищевая добавка
2239,"Хлеб Ваш Вкус со шпинатом, 250 г",https://edostavka.by/product/2295173,"Хлеб, выпечка",2.78,Комплексная пищевая добавка
2241,Набор пирожных Медок 300 г,https://edostavka.by/product/2295038,"Хлеб, выпечка",7.75,Комплексная пищевая добавка
2242,"Пирог Черемушки австрийский штрудель, персик-маракуйя и ваниль, 400 г",https://edostavka.by/product/772992,"Хлеб, выпечка",8.85,Комплексная пищевая добавка
2244,"Лепешка Tortillas мексиканская, со вкусом сыра, 276 г",https://edostavka.by/product/1979237,"Хлеб, выпечка",4.48,Комплексная пищевая добавка
2246,"Булочки Bimbo для хот-дога, 200 г",https://edostavka.by/product/1887507,"Хлеб, выпечка",6.81,Комплексная пищевая добавка; Улучшитель хлебобулочный
2247,"Сладости мучные Ягодные маффины с вишней, 140 г",https://edostavka.by/product/804768,"Хлеб, выпечка",3.59,Комплексная пищевая добавка
2248,"Пирожное Наполеон Brioche замороженное, 260 г",https://edostavka.by/product/2227755,"Хлеб, выпечка",15.49,Комплексная пищевая добавка
2254,"Пирожное Шоколадный Бум замороженное, 160 г",https://edostavka.by/product/997048,"Хлеб, выпечка",5.65,Комплексная пищевая добавка
2255,"Пирожное Десерт с соленой карамелью и арахисом замороженное, 160 г",https://edostavka.by/product/1414809,"Хлеб, выпечка",4.45,Комплексная пищевая добавка
2256,"Кукурузные палочки  ХрумСтик со вкусом клубника, со сливками, 120 г",https://edostavka.by/product/2173633,"Хлеб, выпечка",2.25,Пищевая добавка (неуточнённая)
2258,"Булочки К завтраку с изюмом, 500 г",https://edostavka.by/product/2284698,"Хлеб, выпечка",5.07,Комплексная пищевая добавка; Улучшитель хлебобулочный
2260,Сладости мучные  Круассан с вареной сгущенкой 80 г,https://edostavka.by/product/1408400,"Хлеб, выпечка",2.45,Комплексная пищевая добавка; Улучшитель хлебобулочный
2263,"Коржи для торта Русский бисквит бисквитные, 400 г",https://edostavka.by/product/75702,"Хлеб, выпечка",8.65,Влагоудерживающий агент
2270,"Коржи для торта Русский бисквит бисквитные с какао, 400 г",https://edostavka.by/product/75703,"Хлеб, выпечка",8.65,Влагоудерживающий агент; Комплексная пищевая добавка
2271,"Пирог Трюфельный пай, 380 г  ",https://edostavka.by/product/357690,"Хлеб, выпечка",9.25,Комплексная пищевая добавка; Влагоудерживающий агент
2273,Тортилья Сырная 260 г,https://edostavka.by/product/2297462,"Хлеб, выпечка",5.25,Влагоудерживающий агент; Комплексная пищевая добавка
2277,"Пряники Шоколадные с медом, 300 г",https://edostavka.by/product/2285308,"Хлеб, выпечка",3.93,Комплексная пищевая добавка
2286,"Пряник Шоколадный капучино, 300 г",https://edostavka.by/product/2285307,"Хлеб, выпечка",4.15,Комплексная пищевая добавка
2288,"Пирожное французский десерт Brioche замороженное, 230 г",https://edostavka.by/product/2227757,"Хлеб, выпечка",15.49,Комплексная пищевая добавка
2290,Тортилья Кунжутная 260 г,https://edostavka.by/product/2297461,"Хлеб, выпечка",5.25,Влагоудерживающий агент; Комплексная пищевая добавка
2294,"Лепешка Bimbo Тортилья, 390 г",https://edostavka.by/product/2293098,"Хлеб, выпечка",7.24,Улучшитель хлебобулочный
2299,Тортилья Томатная 260 г,https://edostavka.by/product/2297463,"Хлеб, выпечка",5.25,Влагоудерживающий агент; Комплексная пищевая добавка
2300,"Уп. Багет Шале с чесноком, полуфабрикат для допекания хлебобулочный из пшеничной муки замороженный, 27х150 г",https://edostavka.by/product/1971210,"Хлеб, выпечка",69.99,Комплексная пищевая добавка
2305,Тортилья Классическая 260 г,https://edostavka.by/product/2297460,"Хлеб, выпечка",5.25,Влагоудерживающий агент; Комплексная пищевая добавка
2309,"Уп. Круассан с начинкой со вкусом шоколада, замороженный, 50х70 г",https://edostavka.by/product/2065355,"Хлеб, выпечка",79.99,Комплексная пищевая добавка; Улучшитель хлебобулочный
2310,"Уп. Слойка с абрикосовой начинкой расстойка, замороженная, 35х90 г",https://edostavka.by/product/2065356,"Хлеб, выпечка",56.99,Комплексная пищевая добавка; Улучшитель хлебобулочный
2311,"Уп. Слойка с вишневой начинкой расстойка, замороженная, 35х90 г",https://edostavka.by/product/2065357,"Хлеб, выпечка",56.99,Комплексная пищевая добавка; Улучшитель хлебобулочный
2312,"Уп. Слойка с малиновой начинкой расстойка, замороженная, 35х90 г",https://edostavka.by/product/2065358,"Хлеб, выпечка",56.99,Комплексная пищевая добавка; Улучшитель хлебобулочный
2315,"УП. Слойка с картофелем и грибами замороженная, 40х100 г",https://edostavka.by/product/2065574,"Хлеб, выпечка",57.99,Улучшитель хлебобулочный
2316,"Уп. Багет Шале ржаной, изделие хлебобулочное готовое из смеси пшеничной и ржаной муки замороженное, 27х140 г",https://edostavka.by/product/1971209,"Хлеб, выпечка",49.99,Комплексная пищевая добавка
2317,"Уп. Багет Шале изделие хлебобулочное готовое из пшеничной муки замороженное, 30х230 г",https://edostavka.by/product/1971211,"Хлеб, выпечка",89.99,Комплексная пищевая добавка
2318,"Уп. Багет Шале Фитнес полуфабрикат для допекания хлебобулочный из пшеничной и ржаной муки замороженный, 23х200 г",https://edostavka.by/product/1971212,"Хлеб, выпечка",72.99,Комплексная пищевая добавка; Улучшитель хлебобулочный
2319,"Уп.Круассан с начинкой со вкусом карамели, полуфабрикат для допекания, замороженный, 30х70 г",https://edostavka.by/product/1971761,"Хлеб, выпечка",55.99,Комплексная пищевая добавка; Улучшитель хлебобулочный
2320,"Уп.Слойка со шпинатом и сыром, полуфабрикат для допекания из слоеного дрожжевого теста, замороженный, 40х100 г",https://edostavka.by/product/1971765,"Хлеб, выпечка",73.99,Комплексная пищевая добавка; Улучшитель хлебобулочный
2325,"Набор пирожных Рафаэлло замороженных, 1080 г",https://edostavka.by/product/2173792,"Хлеб, выпечка",62.99,Влагоудерживающий агент
2326,"Уп. Круассан с малиновой начинкой замороженный, 30х75 г",https://edostavka.by/product/2173896,"Хлеб, выпечка",44.99,Комплексная пищевая добавка; Улучшитель хлебобулочный
2327,"Уп. Слойка с клубничной начинкой замороженная, 35х90 г",https://edostavka.by/product/2173897,"Хлеб, выпечка",56.99,Комплексная пищевая добавка; Улучшитель хлебобулочный
2328,"Уп. Булочка Чесночная со сливочным маслом замороженная, 50х45 г",https://edostavka.by/product/2173899,"Хлеб, выпечка",49.99,Комплексная пищевая добавка
2330,"Уп. Набор пирожных Макарон замороженных, 12х102 г",https://edostavka.by/product/2209754,"Хлеб, выпечка",145,Комплексная пищевая добавка; Влагоудерживающий агент
2331,"Уп. Чизкейк New-York с клубникой замороженный, 8х400 г",https://edostavka.by/product/2209756,"Хлеб, выпечка",179,Влагоудерживающий агент
2333,"Уп. Чизкейк Чизберри фисташковый, замороженный, 8х400 г",https://edostavka.by/product/2209761,"Хлеб, выпечка",179,Комплексная пищевая добавка
2335,Уп. Чизкейк New-York 8х100 г,https://edostavka.by/product/2097419,"Хлеб, выпечка",49.99,Пищевая добавка (неуточнённая)
2336,"Уп. Чизкейк New-York с клубникой замороженный, 8х100 г",https://edostavka.by/product/2097421,"Хлеб, выпечка",49.99,Пищевая добавка (неуточнённая)
2337,"Уп. Булочка Баварская замороженная, 160х30 г",https://edostavka.by/product/2097882,"Хлеб, выпечка",75.99,Комплексная пищевая добавка
2340,"Набор пирожных Эклеры с карамелизированной грушей и сыром, замороженные  (5штх60г), 300 г",https://edostavka.by/product/2221690,"Хлеб, выпечка",25.99,Пищевая добавка (неуточнённая); Влагоудерживающий агент
2341,"Набор пирожных Профитроли Дубайские, замороженные (16штх40гр), 640 г",https://edostavka.by/product/2221692,"Хлеб, выпечка",46.99,Влагоудерживающий агент
2342,"Торт Сникерс замороженный, 1.7 кг",https://edostavka.by/product/2221695,"Хлеб, выпечка",76.99,Влагоудерживающий агент; Комплексная пищевая добавка
2343,"Чизкейк Классический Ассорти замороженный, 1.3 кг",https://edostavka.by/product/2221696,"Хлеб, выпечка",57.99,Влагоудерживающий агент; Комплексная пищевая добавка
2344,"Чизкейк с вишней замороженный, 1.4 кг",https://edostavka.by/product/2221698,"Хлеб, выпечка",67.99,Влагоудерживающий агент
2345,"Набор пирожных BonGenie Шоколадный бум, замороженных (9 штх70 г), 630 г",https://edostavka.by/product/2225020,"Хлеб, выпечка",55.99,Комплексная пищевая добавка; Влагоудерживающий агент
2357,"Торт Brioche ягодный пломбир, 1 кг",https://edostavka.by/product/2281745,"Хлеб, выпечка",175,Комплексная пищевая добавка
2358,"Торт Brioche ягодный пломбир, 500 г",https://edostavka.by/product/2281746,"Хлеб, выпечка",89,Комплексная пищевая добавка
2361,"Уп.Слойка Шоколя с начинкой со вкусом шоколада, замороженная, 50х100 г",https://edostavka.by/product/2287888,"Хлеб, выпечка",119,Комплексная пищевая добавка
2369,"Продукт из свинины копчено-вареный Вырезка Березовская, 1 кг",https://edostavka.by/product/2105781,"Мясо, птица, колбасы",27.49,Комплексная пищевая добавка
2370,"Колбаски из мяса цыплят-бройлеров По-азиатски охлажденные, 600 г",https://edostavka.by/product/2265497,"Мясо, птица, колбасы",10.37,Комплексная пищевая добавка
2371,"Сосиски Обжаренные с корочкой, высшего сорта, 370 г",https://edostavka.by/product/2288524,"Мясо, птица, колбасы",5.59,Комплексная пищевая добавка
2372,"Митболы из мяса цыплят-бройлеров По-азиатски охладжденные, 350 г",https://edostavka.by/product/2265496,"Мясо, птица, колбасы",5.62,Комплексная пищевая добавка
2386,Колбаса варено-копченая Сервелат Финский нарезка высшего сорта 250 г,https://edostavka.by/product/2062882,"Мясо, птица, колбасы",5.99,Комплексная пищевая добавка
2387,"Сосиски Про Белок из мяса цыплят-бройлеров, 240 г",https://edostavka.by/product/2243907,"Мясо, птица, колбасы",5.07,Комплексная пищевая добавка; Пищевая добавка (неуточнённая)
2388,"Фарш из говядины и свинины Отборный охлажденный,  500 г",https://edostavka.by/product/2218787,"Мясо, птица, колбасы",10.76,Комплексная пищевая добавка
2397,"Колбаса вареная Мортаделла высший сорт, 400г",https://edostavka.by/product/485604,"Мясо, птица, колбасы",5.03,Комплексная пищевая добавка; Посолочная смесь
2399,"Ветчина вареная Нежная с филе, 450 г",https://edostavka.by/product/2199822,"Мясо, птица, колбасы",7.26,Комплексная пищевая добавка
2400,Продукт сырокопченый из свинины Бекон да яечни 220,https://edostavka.by/product/1059512,"Мясо, птица, колбасы",9.85,Комплексная пищевая добавка
2403,Продукт из мяса свинины Ветчина Гродненская копчено-вареный 1 кг,https://edostavka.by/product/1972045,"Мясо, птица, колбасы",19.99,Комплексная пищевая добавка
2405,"Чипсы салями Галерея вкуса классические, сорт экстра, 30 г",https://edostavka.by/product/2068296,"Мясо, птица, колбасы",3.25,Комплексная пищевая добавка
2408,"Колбаса вареная Галерея вкуса Мортаделлия высшего сорта, 620 г",https://edostavka.by/product/1059957,"Мясо, птица, колбасы",8.03,Комплексная пищевая добавка
2411,"Сосиски Молочные высший сорт, 370 г",https://edostavka.by/product/2061364,"Мясо, птица, колбасы",5.25,Комплексная пищевая добавка
2413,"Снеки Держи Индейку из мяса индейки пряные, 130 г",https://edostavka.by/product/2145355,"Мясо, птица, колбасы",6.49,Комплексная пищевая добавка
2414,"Колбаски из мяса-цыплят бройлеров Баварсикие охлажденные, 600 г",https://edostavka.by/product/990172,"Мясо, птица, колбасы",10.37,Комплексная пищевая добавка
2415,"Сосиски Алфавитка высшего сорта, 230 г",https://edostavka.by/product/2013487,"Мясо, птица, колбасы",3.99,Комплексная пищевая добавка
2416,"Фарш из говядины и свинины Губернский замороженный, 900 г",https://edostavka.by/product/1979900,"Мясо, птица, колбасы",12.99,Комплексная пищевая добавка
2417,"Колбаса сырокопченая Милано высшего сорта, 180 г",https://edostavka.by/product/837629,"Мясо, птица, колбасы",6.79,Комплексная пищевая добавка
2418,"Ветчина вареная Популярная новая нарезка, 270 г",https://edostavka.by/product/1486678,"Мясо, птица, колбасы",6.68,Комплексная пищевая добавка
2419,"Колбаса сырокопченая Оригинальная Пепперони высшего сорта, 1 кг",https://edostavka.by/product/1970416,"Мясо, птица, колбасы",24.99,Комплексная пищевая добавка
2420,"Митболы из мяса цыплят-бройлеров с творожным сыром,охлажденные, 350 г",https://edostavka.by/product/889630,"Мясо, птица, колбасы",5.62,Комплексная пищевая добавка
2421,Паштет печеночный Слоеный с Сальцем 1 кг,https://edostavka.by/product/2049399,"Мясо, птица, колбасы",7.49,Комплексная пищевая добавка
2422,"Колбаса копчено-вареная Галерея вкуса Финский сервелат, 360 г",https://edostavka.by/product/645678,"Мясо, птица, колбасы",5.95,Комплексная пищевая добавка
2423,"Ветчина вареная Барская высшего сорта, 500 г",https://edostavka.by/product/2053628,"Мясо, птица, колбасы",5.29,Комплексная пищевая добавка
2424,"Фарш из свинины и говядины По-домашнему охлажденный, 500 г",https://edostavka.by/product/1967907,"Мясо, птица, колбасы",11.05,Комплексная пищевая добавка
2425,"Колбаски из мяса цыплят-бройлеров По-итальянски охлажденные, 600 г",https://edostavka.by/product/769911,"Мясо, птица, колбасы",10.37,Комплексная пищевая добавка
2426,"Ромштекс из филе цыплят-бройлеров Петруха Мастер охлажденный, 250 г",https://edostavka.by/product/1891046,"Мясо, птица, колбасы",4.92,Комплексная пищевая добавка
2427,Филе копчено-вареное охлажденное из мяса индеек Фирменное 1 кг,https://edostavka.by/product/1800801,"Мясо, птица, колбасы",27.85,Комплексная пищевая добавка; Влагоудерживающий агент
2429,"Фарш из цыплят-бройлеров Триумф охлажденный, 1 кг",https://edostavka.by/product/616091,"Мясо, птица, колбасы",14.85,Комплексная пищевая добавка
2430,Ветчина вареная Филе грудки индейк 120 г,https://edostavka.by/product/2177764,"Мясо, птица, колбасы",7.75,Посолочная смесь
2432,"Сосиски Классические высшего сорта, 370 г",https://edostavka.by/product/2143864,"Мясо, птица, колбасы",5.51,Комплексная пищевая добавка
2433,Колбаска сыровяленая Галерея вкуса Миланская Экстра 180 г,https://edostavka.by/product/498446,"Мясо, птица, колбасы",9.65,Комплексная пищевая добавка
2437,"Колбаса вареная Сливочная нежная высшего сорта, 650 г",https://edostavka.by/product/1989788,"Мясо, птица, колбасы",7.37,Комплексная пищевая добавка
2438,"Стейк из цыпленка-бройлера Элитный охлажденный, 700 г",https://edostavka.by/product/1024020,"Мясо, птица, колбасы",11.82,Комплексная пищевая добавка
2440,"Колбаса вареная Мортаделла новая нарезка, 270 г",https://edostavka.by/product/1486680,"Мясо, птица, колбасы",5.74,Комплексная пищевая добавка
2442,"Колбаса сыровяленая Царская новая полусухая, высшего сорта, 1 кг",https://edostavka.by/product/1648629,"Мясо, птица, колбасы",28.99,Комплексная пищевая добавка
2444,"Сосиски Галерея вкуса Алфавитка мини, высшего сорта, 160 г",https://edostavka.by/product/2054945,"Мясо, птица, колбасы",3.17,Комплексная пищевая добавка
2445,"Шницель из мяса цыплят-бройлеров  Петруха мастер охлажденный, 300 г",https://edostavka.by/product/1987429,"Мясо, птица, колбасы",5.11,Комплексная пищевая добавка
2446,"Котлеты из мяса цыплят-бройлеров сливочные с сыром, охлажденные, 500г",https://edostavka.by/product/1126891,"Мясо, птица, колбасы",7.68,Комплексная пищевая добавка
2447,"Колбаса копчено-вареная Сервелат Пражский высшего сорта, 1 кг",https://edostavka.by/product/1096829,"Мясо, птица, колбасы",14.69,Комплексная пищевая добавка; Пищевая добавка (неуточнённая)
2448,"Колбаса вареная Галерея вкуса Алфавитка высшего сорта, 280 г",https://edostavka.by/product/2024301,"Мясо, птица, колбасы",4.89,Комплексная пищевая добавка
2449,"Шашлык из цыплят-бройлеров Нежный замороженный, 1 кг",https://edostavka.by/product/1486674,"Мясо, птица, колбасы",13.99,Комплексная пищевая добавка
2450,"Колбаса вареная Как раньше высшего сорта, 1 кг",https://edostavka.by/product/2143765,"Мясо, птица, колбасы",14.66,Комплексная пищевая добавка; Посолочная смесь
2451,Ветчина вареная Балерон 450 г,https://edostavka.by/product/1945805,"Мясо, птица, колбасы",6.2,Комплексная пищевая добавка; Посолочная смесь
2453,"Колбаса вареная Классическая высшего сорта, 400 г",https://edostavka.by/product/2143865,"Мясо, птица, колбасы",5.18,Комплексная пищевая добавка
2456,"Колбаса копчено-вареная Сервелат Барбадос новый высший сорт, 1 кг",https://edostavka.by/product/105221,"Мясо, птица, колбасы",17.74,Комплексная пищевая добавка
2457,"Голубцы Нежные замороженные, 700 г",https://edostavka.by/product/1975228,"Мясо, птица, колбасы",9.99,Пищевая добавка (неуточнённая)
2458,"Шашлык из свинины  для пикника с зеленью, замороженный, 1 кг",https://edostavka.by/product/1483863,"Мясо, птица, колбасы",15.49,Комплексная пищевая добавка
2459,"Колбаса сыровяленая Никольская салями высшего сорта, 200 г",https://edostavka.by/product/2117327,"Мясо, птица, колбасы",11.55,Комплексная пищевая добавка
2460,"Ветчина вареная Про Белок из мяса цыплят-бройлеров, 240 г",https://edostavka.by/product/2243906,"Мясо, птица, колбасы",5.42,Комплексная пищевая добавка; Пищевая добавка (неуточнённая)
2464,"Колбаса мясная Мортаделла  высший сорт, 500г",https://edostavka.by/product/735176,"Мясо, птица, колбасы",5.69,Комплексная пищевая добавка
2465,"Колбаса копчено-вареная Сервелат Венский высший сорт, 1 кг",https://edostavka.by/product/2087627,"Мясо, птица, колбасы",21.35,Комплексная пищевая добавка
2466,Продукт из свинины Полоска домашняя копчено-вареный 1 кг,https://edostavka.by/product/416704,"Мясо, птица, колбасы",18.99,Комплексная пищевая добавка
2467,"Намазка мясная с салями, 150 г",https://edostavka.by/product/2144759,"Мясо, птица, колбасы",4.19,Комплексная пищевая добавка
2471,"Сардельки Свиные вкусные, 1 кг",https://edostavka.by/product/505842,"Мясо, птица, колбасы",15.03,Комплексная пищевая добавка; Посолочная смесь
2473,Продукт копчено-вареный из свинины Свае щековина 1 кг,https://edostavka.by/product/2093435,"Мясо, птица, колбасы",11.15,Комплексная пищевая добавка
2474,"Фарш из индейки Фирменный охлажденный, 450 г",https://edostavka.by/product/2073339,"Мясо, птица, колбасы",7.15,Комплексная пищевая добавка
2475,"Колбаса ливерная Сельская, 1 кг",https://edostavka.by/product/528384,"Мясо, птица, колбасы",4.29,Комплексная пищевая добавка
2476,"Ветчина вареная С сыром Моцарелла из мяса цыплят, 480 г",https://edostavka.by/product/2203911,"Мясо, птица, колбасы",9.14,Комплексная пищевая добавка
2477,"Колбаса полукопченая Нежная с филе высший сорт, 1 кг",https://edostavka.by/product/2090336,"Мясо, птица, колбасы",16.69,Комплексная пищевая добавка
2478,"Сосиски Нежные с филе высший сорт, 1 кг",https://edostavka.by/product/1379043,"Мясо, птица, колбасы",12.1,Комплексная пищевая добавка; Посолочная смесь
2479,"Колбаски копчено-вареные ГрильБери за 5 минут высшего сорта, 1 кг",https://edostavka.by/product/2133401,"Мясо, птица, колбасы",9.99,Комплексная пищевая добавка; Посолочная смесь
2480,"Колбаски  из мяса цылят-бройлеров По-балкански охлажденные,600 г",https://edostavka.by/product/769910,"Мясо, птица, колбасы",10.26,Комплексная пищевая добавка
2482,"Фарш из свинины  По-домашнему охлажденный, 500 г",https://edostavka.by/product/1967902,"Мясо, птица, колбасы",11,Комплексная пищевая добавка
2483,"Сосиски Терияки высший сорт, 520 г",https://edostavka.by/product/1406043,"Мясо, птица, колбасы",4.25,Комплексная пищевая добавка
2485,"Колбаса полукопченая Дымлянка высший сорт, 1 кг",https://edostavka.by/product/1518948,"Мясо, птица, колбасы",24.45,Комплексная пищевая добавка
2486,Грудка копчено-вареная Аппетитная 1 кг,https://edostavka.by/product/1733183,"Мясо, птица, колбасы",16.55,Комплексная пищевая добавка
2487,"Колбаса сыровяленая Премьера Новая высшего сорта, 180 г",https://edostavka.by/product/897348,"Мясо, птица, колбасы",6.25,Комплексная пищевая добавка
2489,Колбаса вареная ветчинная По-домашнему 500 г,https://edostavka.by/product/1988667,"Мясо, птица, колбасы",5.25,Комплексная пищевая добавка
2490,"Колбаса сыровяленая Княжеская новая полусухая, 1 кг",https://edostavka.by/product/1420636,"Мясо, птица, колбасы",26.99,Комплексная пищевая добавка
2491,"Колбаса вареная С Паприкой сервировочная нарезка, 270 г",https://edostavka.by/product/2203912,"Мясо, птица, колбасы",5.69,Комплексная пищевая добавка
2493,"Намазка мясная с грибами, 150 г",https://edostavka.by/product/2144760,"Мясо, птица, колбасы",4.19,Комплексная пищевая добавка
2494,"Намазка мясная с зеленью, 150 г",https://edostavka.by/product/1328897,"Мясо, птица, колбасы",4.19,Комплексная пищевая добавка; Посолочная смесь
2495,"Колбаса сырокопченая Мясная история сальчичон тоскана, полусухая,  нарезка, 100 г",https://edostavka.by/product/1787840,"Мясо, птица, колбасы",6.59,Посолочная смесь
2496,"Колбаса сырокопченая Оригинальная европейская высшего сорта, 1 кг",https://edostavka.by/product/640144,"Мясо, птица, колбасы",28.19,Комплексная пищевая добавка
2497,Продукт в желе Заливье с языком 300 г,https://edostavka.by/product/2185263,"Мясо, птица, колбасы",5.76,Комплексная пищевая добавка
2498,"Колбаса сырокопченая Медовая премиум высшего сорта, нарезка, 90 г",https://edostavka.by/product/1916689,"Мясо, птица, колбасы",3.99,Комплексная пищевая добавка
2501,Продукт сушеный из мяса индейки Чипсы Индюшиные 30г,https://edostavka.by/product/2024353,"Мясо, птица, колбасы",4.79,Комплексная пищевая добавка
2502,Бекон сырокопченый Gross Chef 500 г,https://edostavka.by/product/2239232,"Мясо, птица, колбасы",14.69,Посолочная смесь
2503,"Сардельки Колобок с сыром высший сорт, 1 кг",https://edostavka.by/product/181429,"Мясо, птица, колбасы",14.64,Посолочная смесь; Комплексная пищевая добавка; Пищевая добавка (неуточнённая)
2504,Продукт из мяса индейки копчено-вареный Рулет Филейный из индейки 400 г,https://edostavka.by/product/2060790,"Мясо, птица, колбасы",14.39,Комплексная пищевая добавка
2506,"Колбаса вареная С маслицем высшего сорта, 650 г",https://edostavka.by/product/2139910,"Мясо, птица, колбасы",8.45,Комплексная пищевая добавка
2508,"Рулет копчено-вареный из цыпленка-бройлера Петруха Праздничный высшего сорта, 520 г",https://edostavka.by/product/2036477,"Мясо, птица, колбасы",9.85,Комплексная пищевая добавка
2509,"Колбаска сыровяленая Галерея вкуса Парма сорт экстра, 180 г",https://edostavka.by/product/689374,"Мясо, птица, колбасы",13.29,Комплексная пищевая добавка
2511,"Фарш из свинины Столичный мясной триумф охлажденный, 1 кг",https://edostavka.by/product/486208,"Мясо, птица, колбасы",16.71,Комплексная пищевая добавка
2513,"Намазка мясная с орехами, 150 г",https://edostavka.by/product/1328904,"Мясо, птица, колбасы",4.19,Комплексная пищевая добавка; Посолочная смесь
2514,"Котлеты из мяса цыплят-бройлеров Домашние с грибами и сыром, охлажденные, 450г",https://edostavka.by/product/1326545,"Мясо, птица, колбасы",7.68,Пищевая добавка (неуточнённая); Комплексная пищевая добавка
2516,"Паштет Галерея вкуса французский с фуа-гра, 146 г",https://edostavka.by/product/2040933,"Мясо, птица, колбасы",7.99,Комплексная пищевая добавка
2517,"Колбаски из свинины Полесский Дар, охлажденные, 1 кг",https://edostavka.by/product/2180166,"Мясо, птица, колбасы",21.52,Комплексная пищевая добавка
2519,Студень вареный Говяжий 500 г,https://edostavka.by/product/990656,"Мясо, птица, колбасы",5.42,Комплексная пищевая добавка
2520,"Колбаса варено-копченая Кремлевская салями высшего сорта, нарезка, 250 г",https://edostavka.by/product/1409073,"Мясо, птица, колбасы",7.12,Комплексная пищевая добавка
2521,"Колбаса вареная Сливочная высшего сорта, 580 г",https://edostavka.by/product/993364,"Мясо, птица, колбасы",3.69,Комплексная пищевая добавка
2522," Колбаски из мяса птицы Озерецкие охлажденные, 1 кг",https://edostavka.by/product/2143642,"Мясо, птица, колбасы",15.41,Комплексная пищевая добавка
2523,"Ветчина вареная Праздничная из мяса индейки рубленая, 500 г",https://edostavka.by/product/1744500,"Мясо, птица, колбасы",7.79,Комплексная пищевая добавка
2525,Продукт в желе Заливье с филе цыпленка 300 г,https://edostavka.by/product/2185262,"Мясо, птица, колбасы",5.04,Комплексная пищевая добавка
2528,Колбаса вареная С телятиной 650 г,https://edostavka.by/product/980246,"Мясо, птица, колбасы",8.03,Комплексная пищевая добавка
2529,"Сосиски Мясные из индейки высшего сорта, 430 г",https://edostavka.by/product/2024349,"Мясо, птица, колбасы",6.34,Комплексная пищевая добавка; Влагоудерживающий агент
2530,"Фарш из цыплят-бройлеров Домашний охлажденный, 1 кг",https://edostavka.by/product/2087786,"Мясо, птица, колбасы",11.89,Комплексная пищевая добавка
2531,"Сардельки Мясные из индейки высшего сорта, 1 кг",https://edostavka.by/product/2024330,"Мясо, птица, колбасы",14.76,Комплексная пищевая добавка; Влагоудерживающий агент
2532,Студень вареный С хреном и чесноком 500 г,https://edostavka.by/product/2144763,"Мясо, птица, колбасы",5.22,Комплексная пищевая добавка
2533,"Колбаски копчено-вареные Кабандос классические высший сорт, 85 г",https://edostavka.by/product/2057394,"Мясо, птица, колбасы",3.97,Комплексная пищевая добавка; Пищевая добавка (неуточнённая)
2534,"Сардельки Венские высший сорт, 1 кг",https://edostavka.by/product/2063145,"Мясо, птица, колбасы",10.69,Комплексная пищевая добавка; Влагоудерживающий агент
2535,"Колбаски из говядины Барбекю охлажденные, 400 г",https://edostavka.by/product/2106018,"Мясо, птица, колбасы",7.69,Комплексная пищевая добавка
2536,Колбаса копчено-вареная Сервелат вкусный с телятиной 220 г,https://edostavka.by/product/1920728,"Мясо, птица, колбасы",5.92,Комплексная пищевая добавка
2538,"Биточки из мяса цыплят-бройлеров с сыром, охлажденные, 500г",https://edostavka.by/product/1126892,"Мясо, птица, колбасы",7.68,Комплексная пищевая добавка
2541,"Сосиски Мишутка детские высшего сорта, 480 г",https://edostavka.by/product/2145134,"Мясо, птица, колбасы",8.01,Комплексная пищевая добавка; Пищевая добавка (неуточнённая)
2543,Продукт сыровяленый из говядины Карпаччо 110 г,https://edostavka.by/product/1357643,"Мясо, птица, колбасы",12.29,Пищевая добавка (неуточнённая)
2545,"Сардельки С сальцем высшего сорта, 1 кг",https://edostavka.by/product/2102067,"Мясо, птица, колбасы",16.58,Комплексная пищевая добавка
2546,"Колбаса сырокопченая Наслаждение премиум высшего сорта, нарезка, 90 г",https://edostavka.by/product/1916688,"Мясо, птица, колбасы",4.29,Комплексная пищевая добавка; Пищевая добавка (неуточнённая)
2548,"Колбаса вареная С Салом, высшего сорта, 390 г",https://edostavka.by/product/2185330,"Мясо, птица, колбасы",5.76,Комплексная пищевая добавка
2549," Намазка мясная с мясом утенка, 150 г",https://edostavka.by/product/2228757,"Мясо, птица, колбасы",4.19,Комплексная пищевая добавка
2550,Продукт копчено-вареный из мяса цыплят-бройлеров Рулет ароматный 1 кг,https://edostavka.by/product/383990,"Мясо, птица, колбасы",22.25,Комплексная пищевая добавка
2551,"Фарш из свинины Отборный охлажденный, 500 г",https://edostavka.by/product/2218788,"Мясо, птица, колбасы",10.65,Комплексная пищевая добавка
2552,"Колбаса сыровяленая Балтийская Оригинальная высшего сорта, 180 г",https://edostavka.by/product/897346,"Мясо, птица, колбасы",7.35,Комплексная пищевая добавка
2553,"Шашлык из цыпленка-бройлера Пряный бескостный, охлажденный, 1 кг",https://edostavka.by/product/1973962,"Мясо, птица, колбасы",12.49,Комплексная пищевая добавка
2554,Рулет копчено-вареный из индейки Мясной орех 1 кг,https://edostavka.by/product/2041793,"Мясо, птица, колбасы",24.99,Комплексная пищевая добавка; Влагоудерживающий агент
2556,Бедро копчено-вареное цыплят-бройлеров Классическое 1 кг,https://edostavka.by/product/723306,"Мясо, птица, колбасы",16.05,Комплексная пищевая добавка
2558,"Колбаса варено-копченая Сервелат Венский высшего сорта нарезка, 250 г",https://edostavka.by/product/2143873,"Мясо, птица, колбасы",7.4,Комплексная пищевая добавка
2559,"Джерки сыровяленые из мяса цыплят-бройлеров Классичесие, 40 г",https://edostavka.by/product/2215849,"Мясо, птица, колбасы",3.95,Комплексная пищевая добавка
2560,"Кусочки филе Ломтики сыровяленые Классические, 50 г",https://edostavka.by/product/2165707,"Мясо, птица, колбасы",5.75,Комплексная пищевая добавка
2561,"Колбаса варено-копченый Сервелат Рублевский высшего сорта, 410 г",https://edostavka.by/product/879352,"Мясо, птица, колбасы",7.99,Комплексная пищевая добавка
2562,"Колбаса вареная Вязынка по-слуцки высшего сорта, 1 кг",https://edostavka.by/product/2082558,"Мясо, птица, колбасы",10.49,Комплексная пищевая добавка; Посолочная смесь
2564,Сардельки Брестский мясокомбинат с телятиной 1 кг,https://edostavka.by/product/1851616,"Мясо, птица, колбасы",15.11,Комплексная пищевая добавка
2570,"Сосиски Берлинки из мяса птицы, высшего сорта, 400 г",https://edostavka.by/product/1040811,"Мясо, птица, колбасы",4.51,Комплексная пищевая добавка
2571,Ребрышки копчено-вареные из свинины К пиву 1 кг,https://edostavka.by/product/2065428,"Мясо, птица, колбасы",24.25,Посолочная смесь
2573,"Сосиски Сливочные лайн высшего сорта, 1 кг",https://edostavka.by/product/2097544,"Мясо, птица, колбасы",12.1,Комплексная пищевая добавка; Пищевая добавка (неуточнённая)
2574,"Колбаса копчено-вареная Галерея вкуса Ореховая высший сорт, 380 г",https://edostavka.by/product/617493,"Мясо, птица, колбасы",6.25,Комплексная пищевая добавка
2575,"Шашлык из крыла цыпленка-бройлера, охлажденный, 1 кг",https://edostavka.by/product/2018680,"Мясо, птица, колбасы",12.53,Комплексная пищевая добавка
2576,"Фарш из говядины По-домашнему охлажденный, 500 г",https://edostavka.by/product/2171468,"Мясо, птица, колбасы",15.75,Комплексная пищевая добавка
2577,"Колбаса копчено-вареная Сервелат Финский высший сорт, 270 г",https://edostavka.by/product/1912965,"Мясо, птица, колбасы",5.82,Комплексная пищевая добавка
2578,Продукт охлажденный из свинины Рулет Полесский 1 кг,https://edostavka.by/product/2021035,"Мясо, птица, колбасы",12.75,Посолочная смесь; Влагоудерживающий агент
2579,Грудка цыпленка-бройлера копчено-вареная Аппетитная 1 кг,https://edostavka.by/product/25933,"Мясо, птица, колбасы",20.65,Комплексная пищевая добавка
2580,"Колбаски из мяса цылят-бройлеров Оригинальные охлажденные, 600 г",https://edostavka.by/product/769907,"Мясо, птица, колбасы",10.37,Комплексная пищевая добавка
2581,"Колбаски вареные Миланские с томатами высший сорт, 360 г",https://edostavka.by/product/1264021,"Мясо, птица, колбасы",6.26,Комплексная пищевая добавка
2582,"Зельц с оливками высшего сорта, 1 кг",https://edostavka.by/product/2091211,"Мясо, птица, колбасы",9.93,Комплексная пищевая добавка
2583,"Колбаски варено-копченые Кабаносы высшего сорта, 550 г",https://edostavka.by/product/2235034,"Мясо, птица, колбасы",10.2,Комплексная пищевая добавка
2584,Продукт копчено-вареный из свинины Грудинка Дымовица 1 кг,https://edostavka.by/product/982187,"Мясо, птица, колбасы",23.95,Комплексная пищевая добавка
2588,"Сосиски Сливочные по-Волковысски классик высший сорт, 1 кг",https://edostavka.by/product/1851784,"Мясо, птица, колбасы",12.99,Комплексная пищевая добавка
2589,"Колбаска сыровяленая Галерея вкуса Ривьера сорт экстра, 180 г",https://edostavka.by/product/507797,"Мясо, птица, колбасы",9.45,Комплексная пищевая добавка
2590,"Рулет копчено-вареный Дзержинка Мозаика первый сорт, 1 кг",https://edostavka.by/product/973258,"Мясо, птица, колбасы",14.99,Комплексная пищевая добавка
2595,"Сальтисон Куриный Новый охлажденный, 550 г",https://edostavka.by/product/2215292,"Мясо, птица, колбасы",5.6,Комплексная пищевая добавка
2596,"Сосиски Галерея вкуса Тигры высший сорт, 320 г",https://edostavka.by/product/651578,"Мясо, птица, колбасы",4.55,Комплексная пищевая добавка
2597,"Намазка мясная с томатами, 150 г",https://edostavka.by/product/1328921,"Мясо, птица, колбасы",4.19,Комплексная пищевая добавка; Посолочная смесь
2598,"Колбаса сыровяленая Деревенская высший сорт, 1 кг",https://edostavka.by/product/2059557,"Мясо, птица, колбасы",30.79,Комплексная пищевая добавка
2600,"Продукт варено-копченый из свинины Бекон Березовский, 1 кг",https://edostavka.by/product/2105797,"Мясо, птица, колбасы",21.45,Комплексная пищевая добавка
2601,"Сардельки Говяжьи высший сорт, 1 кг",https://edostavka.by/product/1954678,"Мясо, птица, колбасы",9.48,Комплексная пищевая добавка; Посолочная смесь
2602,Студень с индейкой 500 г,https://edostavka.by/product/2141101,"Мясо, птица, колбасы",6.63,Комплексная пищевая добавка
2603,Бекон копчено-вареный из свинины Петруха Классический 200 г,https://edostavka.by/product/1698120,"Мясо, птица, колбасы",7.55,Комплексная пищевая добавка
2604,Сардельки Свиные Смачные высший сорт 1 кг,https://edostavka.by/product/2088684,"Мясо, птица, колбасы",10.54,Комплексная пищевая добавка
2605,"Бекон сырокопченый Мясная история из свинины, 200 г",https://edostavka.by/product/1800853,"Мясо, птица, колбасы",10.59,Посолочная смесь
2608,"Сосиски Галерея вкуса Мортаделлия высший сорт, 320 г",https://edostavka.by/product/987252,"Мясо, птица, колбасы",5.06,Комплексная пищевая добавка
2609,"Колбаса вареная Петруха Балерон Ветчинный высшего сорта, 470 г",https://edostavka.by/product/2036475,"Мясо, птица, колбасы",6.16,Комплексная пищевая добавка
2610,"Ветчина вареная Кремлевская новая 1 сорта, 1 кг",https://edostavka.by/product/1987430,"Мясо, птица, колбасы",10.69,Комплексная пищевая добавка
2611,"Колбаса сыровяленая Филейная из индейки высшего сорта, 180 г",https://edostavka.by/product/2163760,"Мясо, птица, колбасы",17.65,Комплексная пищевая добавка; Посолочная смесь
2613,"Рулетики из мяса цыплят-бройлеров Гостинец от бабули замороженный, 1 кг",https://edostavka.by/product/428360,"Мясо, птица, колбасы",12.3,Комплексная пищевая добавка
2614,"Колбаса вареная Гродненская с телятиной высший сорт, 580 г",https://edostavka.by/product/992880,"Мясо, птица, колбасы",6.15,Комплексная пищевая добавка
2615,"Цыпленок Табака охлажденный, 1 кг",https://edostavka.by/product/1486659,"Мясо, птица, колбасы",11.82,Комплексная пищевая добавка
2616,Паштет французский Галерея вкуса с яблоком и инжиром 146 г,https://edostavka.by/product/981988,"Мясо, птица, колбасы",7.99,Комплексная пищевая добавка
2617,"Колбаса копчено-вареная Сервелат вкусный с телятиной высший сорт, 1 кг",https://edostavka.by/product/1790237,"Мясо, птица, колбасы",20.4,Комплексная пищевая добавка
2618,"Ветчина копчено-вареная из свинины Гармония, 1 кг",https://edostavka.by/product/20349,"Мясо, птица, колбасы",25.05,Комплексная пищевая добавка
2619,"Колбаски мясные Птичий базар охлажденные, 1 кг",https://edostavka.by/product/633271,"Мясо, птица, колбасы",14.99,Комплексная пищевая добавка
2621,Колбаски из мяса птицы Для гриля с вялеными помидорами 595 г,https://edostavka.by/product/981974,"Мясо, птица, колбасы",12.18,Комплексная пищевая добавка
2622,"Колбаса сырокопченая Мясная История флорентийская и пепперони полусухая, нарезка, 100 г",https://edostavka.by/product/1727949,"Мясо, птица, колбасы",7.55,Посолочная смесь
2624,Колбаса вареная Докторская 650 г,https://edostavka.by/product/2168058,"Мясо, птица, колбасы",11.48,Комплексная пищевая добавка; Пищевая добавка (неуточнённая)
2625,"Колбаса сыровяленая Оригинальная Рублевская высшего сорта, 1 кг",https://edostavka.by/product/2063271,"Мясо, птица, колбасы",33.25,Комплексная пищевая добавка
2627,"Ветчина вареная Нежная с индейкой, 450 г",https://edostavka.by/product/1945806,"Мясо, птица, колбасы",6.18,Комплексная пищевая добавка; Посолочная смесь
2628,"Колбаса сырокопченая Брауншвейгская высшего сорта, 1 кг",https://edostavka.by/product/121524,"Мясо, птица, колбасы",31.99,Посолочная смесь
2631,Продукт из мяса свинины мясной копчено-вареный Карбонад по-Гродненски 1 кг,https://edostavka.by/product/1795597,"Мясо, птица, колбасы",30.25,Комплексная пищевая добавка
2633,"Колбаска сыровяленая Галерея вкуса Пражская сорта экстра, 180 г",https://edostavka.by/product/507796,"Мясо, птица, колбасы",9.39,Комплексная пищевая добавка
2634,"Колбаса вареная Как раньше с сальцем высший сорт, 1 кг",https://edostavka.by/product/2144677,"Мясо, птица, колбасы",15.1,Комплексная пищевая добавка; Влагоудерживающий агент; Посолочная смесь
2635,"Рулет копчено-вареный из цыпленка-бройлера Петруха Руляда Деревенская высшего сорта, 1 кг",https://edostavka.by/product/2038860,"Мясо, птица, колбасы",19.69,Комплексная пищевая добавка
2636,"Колбаса копчено-вареная Брестские традиции Бутербродная первый сорт, 1 кг",https://edostavka.by/product/712647,"Мясо, птица, колбасы",10.99,Комплексная пищевая добавка; Посолочная смесь
2638,"Продукт копчено-вареный из свинины Рулька с чесноком, 1 кг",https://edostavka.by/product/2142164,"Мясо, птица, колбасы",16.95,Комплексная пищевая добавка
2639,"Чипсы сыровяленые Дзержинка Оригинальные, 1 кг",https://edostavka.by/product/2228803,"Мясо, птица, колбасы",68.09,Комплексная пищевая добавка
2641,"Колбаски Барбекю с чесноком охлажденные, 500 г",https://edostavka.by/product/2057054,"Мясо, птица, колбасы",11.16,Комплексная пищевая добавка
2642,"Колбаса вареная Нежная с филе высшего сорта, 650 г",https://edostavka.by/product/2144775,"Мясо, птица, колбасы",7.13,Комплексная пищевая добавка
2645,"Колбаса копчено-вареная Сервелат Финский высший сорт, 1 кг",https://edostavka.by/product/542947,"Мясо, птица, колбасы",23.8,Посолочная смесь; Комплексная пищевая добавка; Пищевая добавка (неуточнённая)
2646,"Фарш из цыплят-бройлеров Котлетный охлажденный, 1 кг",https://edostavka.by/product/671024,"Мясо, птица, колбасы",13.37,Комплексная пищевая добавка
2650,Продукт копчено-вареный из цыплят Гузка мясоградская 230 г,https://edostavka.by/product/732655,"Мясо, птица, колбасы",3.85,Комплексная пищевая добавка
2656,"Сосиски Топчики Классические высшего сорта, 370 г",https://edostavka.by/product/2106228,"Мясо, птица, колбасы",5.21,Комплексная пищевая добавка
2657,"Кусочки филе Ломтики сыровяленые Острые, 50 г",https://edostavka.by/product/2165708,"Мясо, птица, колбасы",5.75,Комплексная пищевая добавка
2658,Намазка С хреном и чесноком 150 г,https://edostavka.by/product/2171746,"Мясо, птица, колбасы",4.19,Комплексная пищевая добавка
2661,"Ветчина вареная Филейная из индейки высшего сорта, 1 кг",https://edostavka.by/product/2024323,"Мясо, птица, колбасы",26.34,Комплексная пищевая добавка
2662,"Сосиски Вкусные с сыром По-Волковысски классик, высший сорт, 1 кг",https://edostavka.by/product/1903732,"Мясо, птица, колбасы",12.99,Комплексная пищевая добавка
2663,Продукт сырокопченый из говядины Гранд Кардинал 1 кг,https://edostavka.by/product/2153314,"Мясо, птица, колбасы",38.05,Комплексная пищевая добавка
2664,"Колбаса копчено-вареная Сервелат Ореховый высший сорт, 360 г",https://edostavka.by/product/2030788,"Мясо, птица, колбасы",5.69,Комплексная пищевая добавка
2665,Продукт копчено-вареный из свинины Полендвица домашняя 1 кг,https://edostavka.by/product/288057,"Мясо, птица, колбасы",26.25,Комплексная пищевая добавка
2666,Про­дукт сы­ро­коп­че­ный из мяса цыплят-бройлеров Пастрома Гурман 1 кг,https://edostavka.by/product/2194354,"Мясо, птица, колбасы",27.19,Комплексная пищевая добавка; Посолочная смесь
2670,"Фарш из цыпленка-бройлера со шпиком триумф, охлажденный, 1 кг",https://edostavka.by/product/765352,"Мясо, птица, колбасы",14.85,Комплексная пищевая добавка
2671,"Колбаса сырокопченая Кремлевская высшего сорта, из мяса цыплят бройлеров, 210 г",https://edostavka.by/product/2173980,"Мясо, птица, колбасы",12.09,Комплексная пищевая добавка
2673,"Наггетсы из индейки Держи Индейку охлажденные, 600 г",https://edostavka.by/product/2041799,"Мясо, птица, колбасы",14.45,Комплексная пищевая добавка
2674,"Продукт из шпика соленый Сало Домашнее охлаждённый, 1 кг",https://edostavka.by/product/1947329,"Мясо, птица, колбасы",22.25,Комплексная пищевая добавка
2675,"Колбаса сырокопченая Ла Парма высшего сорта, 1 кг",https://edostavka.by/product/767352,"Мясо, птица, колбасы",39.35,Комплексная пищевая добавка
2676,"Рулет копчено-вареный Императорский из мяса цыплят-бройлеров, высший сорт, 1 кг",https://edostavka.by/product/2081338,"Мясо, птица, колбасы",22.19,Комплексная пищевая добавка
2678,"Продукт сыровяленый из свинины Прошутто, 1 кг",https://edostavka.by/product/2196103,"Мясо, птица, колбасы",45.99,Комплексная пищевая добавка
2679,"Колбаски из свинины Испанские с вяляными томатами, 500 г",https://edostavka.by/product/2090370,"Мясо, птица, колбасы",10.79,Комплексная пищевая добавка
2680,"Колбаса вареная Гостовская высшего сорта, 450 г",https://edostavka.by/product/2002447,"Мясо, птица, колбасы",5.39,Комплексная пищевая добавка
2681,"Сардельки Шпикачки Купеческие бессортовые, 1 кг",https://edostavka.by/product/724608,"Мясо, птица, колбасы",9.83,Комплексная пищевая добавка; Посолочная смесь
2682,Плечевая часть крыла копчено-вареная из мяса цыплят-бройлеров Мясоградская 230г,https://edostavka.by/product/735375,"Мясо, птица, колбасы",4.09,Комплексная пищевая добавка
2687,"Сардельки Римские из мяса птицы, высший сорт, 390 г",https://edostavka.by/product/1215986,"Мясо, птица, колбасы",7.02,Комплексная пищевая добавка
2690,"Голубцы Гурман замороженные, 700 г",https://edostavka.by/product/2015396,"Мясо, птица, колбасы",11.69,Комплексная пищевая добавка
2692,"Филе сыровяленое из индейки Фермерское высшего сорта, 1 кг",https://edostavka.by/product/2024326,"Мясо, птица, колбасы",74.69,Комплексная пищевая добавка
2693,"Колбаса копчено-вареная Сервелат ароматный с перцем и чесноком высший сорт, 220 г",https://edostavka.by/product/2165278,"Мясо, птица, колбасы",5.59,Комплексная пищевая добавка
2694,Продукт копчено-вареный из свинины Карбонад Домашний 1 кг,https://edostavka.by/product/285862,"Мясо, птица, колбасы",29.85,Комплексная пищевая добавка
2695,Продукт копчено-вареный из свинины мясной Грудинка Особая 1 кг,https://edostavka.by/product/69628,"Мясо, птица, колбасы",24.59,Комплексная пищевая добавка
2696,"Колбаски копчено-вареные Кабандос Острые высшего сорта, 85 г",https://edostavka.by/product/2057395,"Мясо, птица, колбасы",3.97,Комплексная пищевая добавка; Пищевая добавка (неуточнённая)
2700,Продукт сырокопченый из свинины Балыковый 1 кг,https://edostavka.by/product/1667234,"Мясо, птица, колбасы",30.05,Комплексная пищевая добавка; Посолочная смесь
2701,"Колбаса сыровяленая Дукорская салями высшего сорта, 1 кг",https://edostavka.by/product/1667272,"Мясо, птица, колбасы",29.99,Комплексная пищевая добавка; Посолочная смесь
2702,"Колбаски копчено-вареные Карпатские из индейки высшего сорта, 300 г",https://edostavka.by/product/2060792,"Мясо, птица, колбасы",5.31,Комплексная пищевая добавка; Влагоудерживающий агент
2703,"Колбаски вареные Мексиканские с острым перчиком высшего сорта, 360 г",https://edostavka.by/product/2065961,"Мясо, птица, колбасы",6.23,Пищевая добавка (неуточнённая); Комплексная пищевая добавка
2704,"Колбаса вареная Мортаделла новая высший сорт, 460 г",https://edostavka.by/product/1933014,"Мясо, птица, колбасы",4.35,Комплексная пищевая добавка
2705,Продукт сырокопченый из свинины Балык Рождественский 150 г,https://edostavka.by/product/2168025,"Мясо, птица, колбасы",7.69,Комплексная пищевая добавка
2708,"Колбаса копчено-вареная Сервелат ореховый высший сорт, 400 г",https://edostavka.by/product/997611,"Мясо, птица, колбасы",8.58,Комплексная пищевая добавка
2709,"Ветчина вареная Балерон из цыплят-бройлеров, высшего сорта, 1 кг",https://edostavka.by/product/2210018,"Мясо, птица, колбасы",16.27,Комплексная пищевая добавка
2710,"Колбаса сырокопченая Иней Домашняя из свинины полусухая, нарезка, 80 г",https://edostavka.by/product/1838024,"Мясо, птица, колбасы",5.89,Посолочная смесь
2711,Паста мясная PastaMania Индейка Аппетитная 150 г,https://edostavka.by/product/2093784,"Мясо, птица, колбасы",4.79,Комплексная пищевая добавка
2713,"Колбаса вареная Банзай из мяса цыплят-бройлеров, высшего сорта, 400 г",https://edostavka.by/product/2284082,"Мясо, птица, колбасы",5.74,Комплексная пищевая добавка
2715,Ассорти сырокопченое Мясная история Шейка и Балык 100 г,https://edostavka.by/product/1727951,"Мясо, птица, колбасы",7.79,Посолочная смесь
2716,"Продукт копчено-вареный Свиное ушко, 1 кг",https://edostavka.by/product/1946541,"Мясо, птица, колбасы",16.65,Комплексная пищевая добавка
2717,"Колбаски копчено-вареные Кабандос с сыром высшего сорта, 85 г",https://edostavka.by/product/2057396,"Мясо, птица, колбасы",3.97,Комплексная пищевая добавка; Пищевая добавка (неуточнённая)
2719,"Буженина из свинины От Шефа для запекания, охлажденная, 1 кг",https://edostavka.by/product/1827097,"Мясо, птица, колбасы",19.99,Комплексная пищевая добавка
2720,Ветчина из свинины Классическая копчено-вареная 1 кг,https://edostavka.by/product/2089001,"Мясо, птица, колбасы",24.95,Комплексная пищевая добавка
2721,"Сосиски Супер Мини высшего сорта, 550 г",https://edostavka.by/product/2032864,"Мясо, птица, колбасы",6.3,Комплексная пищевая добавка
2722,"Колбаса вареная Молочная высшего сорта, 650 г",https://edostavka.by/product/2144774,"Мясо, птица, колбасы",8.38,Комплексная пищевая добавка
2723,"Колбаса вареная С сальцем высшего сорта, 650 г",https://edostavka.by/product/2218782,"Мясо, птица, колбасы",8.93,Комплексная пищевая добавка
2724,"Сосиски Нежные с телятиной высшего сорта, 1 кг",https://edostavka.by/product/1170479,"Мясо, птица, колбасы",13.18,Комплексная пищевая добавка; Посолочная смесь
2726,"Колбаса сыровяленая  От бабушки высшего сорта, 1 кг",https://edostavka.by/product/2060905,"Мясо, птица, колбасы",29.55,Комплексная пищевая добавка
2728,Продукт копчено-вареный из свинины мясной Бекон для жарки 220 г,https://edostavka.by/product/2099346,"Мясо, птица, колбасы",7.79,Комплексная пищевая добавка
2729,"Сардельки Шпикачки Домашние с сальцем высшего сорта, 1 кг",https://edostavka.by/product/2100698,"Мясо, птица, колбасы",10.85,Функциональная смесь; Комплексная пищевая добавка
2731,Продукт сыровяленый из свинины мясной Чипсы Старославянские 100 г,https://edostavka.by/product/2090302,"Мясо, птица, колбасы",8.49,Комплексная пищевая добавка
2732,"Продукт варено-копченый из свинины Ветчина Березовская, 1 кг",https://edostavka.by/product/2233535,"Мясо, птица, колбасы",24.05,Комплексная пищевая добавка
2733,"Фарш из индейки, замороженный, 500 г",https://edostavka.by/product/2024339,"Мясо, птица, колбасы",8.99,Комплексная пищевая добавка; Влагоудерживающий агент
2734,"Колбаса копчено-вареная Дубовая из индейки высшего сорта, 1 кг",https://edostavka.by/product/2024333,"Мясо, птица, колбасы",33.05,Комплексная пищевая добавка
2736,Тушка коп­че­но-ва­ре­ная цып­лен­ка-брой­ле­ра  Царская 1 кг,https://edostavka.by/product/2194355,"Мясо, птица, колбасы",11.89,Комплексная пищевая добавка; Посолочная смесь
2737,"Студень Брестский мясокамбинат утиный, 500 г",https://edostavka.by/product/2203913,"Мясо, птица, колбасы",6.63,Комплексная пищевая добавка
2738,"Сосиски Молочные элит высшего сорта, 1 кг",https://edostavka.by/product/2099577,"Мясо, птица, колбасы",15.98,Комплексная пищевая добавка
2740,"Шашлык из свинины Домашний охлажденный, 1 кг",https://edostavka.by/product/2245573,"Мясо, птица, колбасы",13.99,Комплексная пищевая добавка
2741,Голень копчено-вареная из цыплят-бройлеров Мясоград 430г,https://edostavka.by/product/903117,"Мясо, птица, колбасы",7.45,Комплексная пищевая добавка
2742,"Стейк из индейки с пряными травами в пакете для запекания, охлажденный, 1 кг",https://edostavka.by/product/1790172,"Мясо, птица, колбасы",24.59,Комплексная пищевая добавка
2743,"Сосиски Из индейки мини высшего сорта, 400 г",https://edostavka.by/product/2024354,"Мясо, птица, колбасы",7.9,Комплексная пищевая добавка
2744,"Продукт из говядины копчено-вареный Мясной рулет сочный, 1 кг",https://edostavka.by/product/2221249,"Мясо, птица, колбасы",19.99,Комплексная пищевая добавка; Посолочная смесь
2745,"Крыло варено-копченое Дзержинка Аппетитное, 1 кг",https://edostavka.by/product/2228802,"Мясо, птица, колбасы",16.29,Комплексная пищевая добавка
2746,"Колбаса вареная Вкусная высшего сорта, 500 г",https://edostavka.by/product/720721,"Мясо, птица, колбасы",4.91,Комплексная пищевая добавка; Влагоудерживающий агент
2747,Сосиски Мишутка Детские с сыром 480 г,https://edostavka.by/product/2019754,"Мясо, птица, колбасы",8.52,Комплексная пищевая добавка; Пищевая добавка (неуточнённая)
2748,"Филе варено-копченое Дзержинка Аппетитное, 1 кг",https://edostavka.by/product/2180339,"Мясо, птица, колбасы",25.29,Комплексная пищевая добавка
2749,"Колбаса варено-копченая  Ветчинная высшего сорта, 415 г",https://edostavka.by/product/2132944,"Мясо, птица, колбасы",9.77,Комплексная пищевая добавка
2751,"Фарш с мясом утенка По-домашнему охлажденный, 500 г",https://edostavka.by/product/2233554,"Мясо, птица, колбасы",14.53,Комплексная пищевая добавка
2752,"Грудинка свиная соленая, 1 кг",https://edostavka.by/product/1188710,"Мясо, птица, колбасы",25.99,Комплексная пищевая добавка
2753,"Колбаса сыровяленая Неапольская из мяса индейки высшего сорта, 230 г",https://edostavka.by/product/2069214,"Мясо, птица, колбасы",8.35,Комплексная пищевая добавка
2754,Продукт сыровяленый Тар-Тар Минский 1 кг,https://edostavka.by/product/1912252,"Мясо, птица, колбасы",42.29,Комплексная пищевая добавка
2756,"Колбаса сыровяленая Суджук первого сорта, 1 кг",https://edostavka.by/product/1329046,"Мясо, птица, колбасы",37.89,Комплексная пищевая добавка; Посолочная смесь
2757,"Колбаса сыровяленая От Дедушки высший сорт, 1 кг",https://edostavka.by/product/1433483,"Мясо, птица, колбасы",30.15,Комплексная пищевая добавка
2759,"Колбаски вареные Индюшиные для гриля высшего сорта, 1 кг",https://edostavka.by/product/2024320,"Мясо, птица, колбасы",20.97,Комплексная пищевая добавка
2760,"Колбаски варено-копченые Французские с грибами, высшего сорта, 360 г",https://edostavka.by/product/2179674,"Мясо, птица, колбасы",7.13,Комплексная пищевая добавка
2762,"Сардельки Семейные высшего сорта, 1 кг",https://edostavka.by/product/2168048,"Мясо, птица, колбасы",9.65,Комплексная пищевая добавка; Посолочная смесь
2763,Колбаса кровяная Кашанка по-царски вареная 1 кг,https://edostavka.by/product/2097078,"Мясо, птица, колбасы",14.23,Комплексная пищевая добавка
2767,"Сосиски Классические высшего сорта, 480 г",https://edostavka.by/product/2145138,"Мясо, птица, колбасы",6.77,Комплексная пищевая добавка; Пищевая добавка (неуточнённая)
2768,"Колбаса сырокопченая Милано высший сорт, 1 кг",https://edostavka.by/product/1146719,"Мясо, птица, колбасы",31.39,Комплексная пищевая добавка
2770,"Сосиски По-изабелински из индейки высшего сорта,  1 кг",https://edostavka.by/product/2073549,"Мясо, птица, колбасы",8.99,Комплексная пищевая добавка
2771,"Колбаса полукопченая Галерея вкуса Алфавитка детская высший сорт, 210г",https://edostavka.by/product/2014274,"Мясо, птица, колбасы",5.73,Комплексная пищевая добавка
2772,"Колбаса сырокопченая Иней салями полусухая, нарезка, 100 г",https://edostavka.by/product/1800856,"Мясо, птица, колбасы",7.85,Посолочная смесь
2773,"Бочок запеченный свиной Из печи, 1 кг",https://edostavka.by/product/976178,"Мясо, птица, колбасы",27.55,Комплексная пищевая добавка
2776,"Сосиски Смартики с Са и Мg высшего сорта, 250 г",https://edostavka.by/product/2240857,"Мясо, птица, колбасы",4.39,Комплексная пищевая добавка
2777,"Буженина из свинины  По-домашнему для запекания, охлажденная, 1к г",https://edostavka.by/product/1341607,"Мясо, птица, колбасы",23.07,Комплексная пищевая добавка
2781,"Консервы паштетные Рийет утиный классик, 90 г",https://edostavka.by/product/2262561,"Мясо, птица, колбасы",7.15,Комплексная пищевая добавка
2782,"Бедро цыплят-бройлеров в майонезном соусе, охлажденное, 1.4 кг",https://edostavka.by/product/1456213,"Мясо, птица, колбасы",18.58,Комплексная пищевая добавка
2783,Продукт сыровяленый из свинины мясной Чипсы Королевские 100 г,https://edostavka.by/product/2083499,"Мясо, птица, колбасы",9.69,Комплексная пищевая добавка
2786,Консервы мясные Мясны куток паштет куриный с грибами 100 г,https://edostavka.by/product/505369,"Мясо, птица, колбасы",1.99,Пищевая добавка (неуточнённая)
2787,"Колбаска сыровяленая Галерея вкуса Биробиджанская сорта экстра, 180 г",https://edostavka.by/product/507795,"Мясо, птица, колбасы",9.39,Комплексная пищевая добавка
2789,"Колбаса сыровяленая полусухая Австрийская новая высшего сорта, нарезка, 90 г",https://edostavka.by/product/2173852,"Мясо, птица, колбасы",6.85,Комплексная пищевая добавка
2790,"Фарш из свинины Трапеза,  охлажденный, 1 кг",https://edostavka.by/product/2180161,"Мясо, птица, колбасы",17.09,Комплексная пищевая добавка
2791,"Шашлык из свинины для барбекю охлажденный, 1 кг",https://edostavka.by/product/2217083,"Мясо, птица, колбасы",21.31,Комплексная пищевая добавка
2793,"Колбаски копчено-вареное Для хот-догов из индейки высшего сорта, 1 кг",https://edostavka.by/product/2024341,"Мясо, птица, колбасы",14.25,Комплексная пищевая добавка
2795,"Колбаса сырокопченая Тисовецкая салями высшего сорта, 1 кг",https://edostavka.by/product/2100215,"Мясо, птица, колбасы",42.25,Комплексная пищевая добавка
2796,"Сардельки Свиные высшего сорта, 1 кг",https://edostavka.by/product/1814970,"Мясо, птица, колбасы",14.63,Комплексная пищевая добавка
2797,"Крыло цыплят-бройлеров в маринаде для запекания, охлажденный, 1 кг",https://edostavka.by/product/2086564,"Мясо, птица, колбасы",16.13,Комплексная пищевая добавка
2798,"Колбаса копчено-вареная Сервелат Финский высшего сорта, 1кг",https://edostavka.by/product/2090909,"Мясо, птица, колбасы",15.19,Комплексная пищевая добавка
2799,"Продукт из мяса цыпленка-бройлера Филе в желе, 1 кг",https://edostavka.by/product/2180340,"Мясо, птица, колбасы",11.92,Комплексная пищевая добавка
2800,"Окорочок утенка в медово-соевом соусе, для запекания, охлажденный, 1 кг",https://edostavka.by/product/2240214,"Мясо, птица, колбасы",32.9,Комплексная пищевая добавка
2804,"Продукт из свинины мясной копчено-вареный Буженина по-домашнему, 1 кг",https://edostavka.by/product/2223095,"Мясо, птица, колбасы",22.99,Комплексная пищевая добавка
2805,"Колбаса сырокопченая Мясная история чоризо милано, полусухая, нарезка, 100 г",https://edostavka.by/product/1727950,"Мясо, птица, колбасы",7.55,Посолочная смесь
2806,"Фарш из говядины охлажденный, 500г",https://edostavka.by/product/2199110,"Мясо, птица, колбасы",14.49,Комплексная пищевая добавка
2807,"Фарш из свинины и курицы Премиум охлажденный, 500 г",https://edostavka.by/product/2266420,"Мясо, птица, колбасы",11.57,Комплексная пищевая добавка
2809,"Колбаса варено-копченая Сервелат из индейки, высшего сорта, 500 г",https://edostavka.by/product/2090978,"Мясо, птица, колбасы",8.29,Комплексная пищевая добавка
2810,"Колбаса вареная Мусульманская, высший сорт, 390 г",https://edostavka.by/product/2174954,"Мясо, птица, колбасы",5.09,Комплексная пищевая добавка; Посолочная смесь
2812,"Колбаса сыровяленая Королевская новая высшего сорта нарезка, 90 г",https://edostavka.by/product/2166842,"Мясо, птица, колбасы",5.59,Комплексная пищевая добавка
2813,"Колбаса сыровяленая Тёщина Нежная высшего сорта, 1 кг",https://edostavka.by/product/2099325,"Мясо, птица, колбасы",40.85,Комплексная пищевая добавка; Посолочная смесь
2815,"Фарш из говядины  Котлетный замороженный, 1 кг",https://edostavka.by/product/2245576,"Мясо, птица, колбасы",18.65,Комплексная пищевая добавка
2817,"Продукт свиной Вырезка Юбилейная копченый, 1 кг",https://edostavka.by/product/609345,"Мясо, птица, колбасы",31.39,Комплексная пищевая добавка
2818,Продукт копчено-вареный из свинины Окорок домашний 1 кг,https://edostavka.by/product/287845,"Мясо, птица, колбасы",24.09,Комплексная пищевая добавка
2820,Ветчина вареная Галерея вкуса Алфавитка 240 г,https://edostavka.by/product/768655,"Мясо, птица, колбасы",4.56,Комплексная пищевая добавка
2821,"Колбаса полукопченая Филейная из мяса птицы, высшего сорта, 1 кг",https://edostavka.by/product/1536410,"Мясо, птица, колбасы",15.63,Комплексная пищевая добавка
2822,"Колбаса сыровяленая Сабросо Росо из мяса индейки нарезка, 70 г",https://edostavka.by/product/1990641,"Мясо, птица, колбасы",8.65,Посолочная смесь
2823,Ребра коп­че­но-ва­ре­ные из сви­ни­ны Столичные 1 кг,https://edostavka.by/product/2144071,"Мясо, птица, колбасы",19.45,Комплексная пищевая добавка
2826,"Кордон блю из куриного филе с ветчиной и сыром, замороженное,  1.485кг",https://edostavka.by/product/2052440,"Мясо, птица, колбасы",30.99,Комплексная пищевая добавка
2827,"Колбаски варено-копченые Неаполитанские высшего сорта, 360 г",https://edostavka.by/product/2179673,"Мясо, птица, колбасы",7.13,Комплексная пищевая добавка
2828,"Продукт из свинины сырокопченый Бекон для английского завтрака, 180 г",https://edostavka.by/product/2101850,"Мясо, птица, колбасы",11.69,Комплексная пищевая добавка
2829,"Рулет копчено-вареный Утёна с филе утенка, 450г",https://edostavka.by/product/2262427,"Мясо, птица, колбасы",10.99,Комплексная пищевая добавка
2830,Продукт сырокопченый из свинины мясной Балык 100 г,https://edostavka.by/product/962261,"Мясо, птица, колбасы",8.39,Посолочная смесь
2831,"Сосиски Мусульманские высшего сорта, 1 кг",https://edostavka.by/product/2084803,"Мясо, птица, колбасы",13.14,Комплексная пищевая добавка; Посолочная смесь
2832,"Купаты из индейки Дачные замороженные, 1 кг",https://edostavka.by/product/2024344,"Мясо, птица, колбасы",32.05,Комплексная пищевая добавка
2834,"Стейк из свинины С Италянскими травами, охлажденный, 1 кг",https://edostavka.by/product/2057053,"Мясо, птица, колбасы",27.79,Комплексная пищевая добавка
2836,"Колбаса сырокопченая Иней Литовская из мяса птицы, нарезка, 100 г",https://edostavka.by/product/1800854,"Мясо, птица, колбасы",7.59,Посолочная смесь
2837,"Колбаса сырокопченая Альпийская высшего сорта, 300 г",https://edostavka.by/product/2024791,"Мясо, птица, колбасы",10.85,Комплексная пищевая добавка
2838,"Колбаса сырокопченая Оригинальная Столичная первого сорта,1 кг",https://edostavka.by/product/2058592,"Мясо, птица, колбасы",33.15,Комплексная пищевая добавка
2839,"Колбаски сырокопченые Кабандос Премиум высшего сорта, 80г",https://edostavka.by/product/2170713,"Мясо, птица, колбасы",4.69,Комплексная пищевая добавка; Пищевая добавка (неуточнённая)
2842,"Колбаса вареная Лакомый край Классическая с салом высшего сорта, 460 г",https://edostavka.by/product/2036474,"Мясо, птица, колбасы",4,Комплексная пищевая добавка
2843,Ветчина Мраморная 470 г,https://edostavka.by/product/2038816,"Мясо, птица, колбасы",6.75,Комплексная пищевая добавка; Пищевая добавка (неуточнённая)
2844,"Бекон сырокопченый Дымов из свинины, 150 г",https://edostavka.by/product/1414179,"Мясо, птица, колбасы",8.29,Посолочная смесь
2845,"Микс из цыпленка-бройлера Барбекю в маринаде, охлажденное, 1400 г",https://edostavka.by/product/1237425,"Мясо, птица, колбасы",18.27,Комплексная пищевая добавка
2847,"Кабаносы сыровяленые Фермерские из индейки высшего сорта, 1 кг",https://edostavka.by/product/2024334,"Мясо, птица, колбасы",77.75,Комплексная пищевая добавка
2848,"Сердечки цыпленка-бройлера в маринаде, охлажденный,  1 кг",https://edostavka.by/product/2137669,"Мясо, птица, колбасы",12.49,Комплексная пищевая добавка
2850,Паста мясная PastaMania цыпленок по-восточному 150 г,https://edostavka.by/product/2093781,"Мясо, птица, колбасы",4.65,Комплексная пищевая добавка
2851,"Фарш из свинины и говядины Мясной дар замороженный , 900 г",https://edostavka.by/product/1968806,"Мясо, птица, колбасы",13.99,Комплексная пищевая добавка
2852,Голень копчено-вареная из мяса цыплят-бройлеров Аппетитная 1 кг,https://edostavka.by/product/2194358,"Мясо, птица, колбасы",14.65,Комплексная пищевая добавка; Посолочная смесь
2853,"Колбаса сырокопченая Оригинальная Пьемонте высшего сорта, нарезка, 80 г",https://edostavka.by/product/2204104,"Мясо, птица, колбасы",4.69,Комплексная пищевая добавка
2854,Продукт сыровяленый Прошутто 1 кг,https://edostavka.by/product/1846936,"Мясо, птица, колбасы",53.35,Комплексная пищевая добавка
2855,"Колбаса сыровяленая Прима с коньяком, высший сорт, 180 г",https://edostavka.by/product/894876,"Мясо, птица, колбасы",5.85,Пищевая добавка (неуточнённая)
2856,"Котлета из говядины Трапеза для гамбургеров, охлажденная, 590 г",https://edostavka.by/product/1350535,"Мясо, птица, колбасы",11.76,Комплексная пищевая добавка
2858,"Стейк из говядины Beef Steak охлажденный, 1 кг",https://edostavka.by/product/1954664,"Мясо, птица, колбасы",60.99,Комплексная пищевая добавка
2862,"Колбаса сырокопченая Salame нарезка, 80 г",https://edostavka.by/product/2088987,"Мясо, птица, колбасы",8.25,Посолочная смесь
2863,"Продукт копчено-вареный Рулет из индейки с перцем и чесноком, высшего сорта, 1 кг",https://edostavka.by/product/2041794,"Мясо, птица, колбасы",23.25,Влагоудерживающий агент
2866,Хамон сыровяленый охлажденный из голени индейки 1 кг,https://edostavka.by/product/2101223,"Мясо, птица, колбасы",29.35,Комплексная пищевая добавка
2867,"Колбаса вареная Молочная Волковысская высшего сорта, 550 г",https://edostavka.by/product/2129763,"Мясо, птица, колбасы",6.56,Комплексная пищевая добавка
2871,Грудинка По-королевски копчено-вареная 1 кг,https://edostavka.by/product/216278,"Мясо, птица, колбасы",24.09,Комплексная пищевая добавка
2872,"Продукт из свинины сырокопченый Соппресата, 1 кг",https://edostavka.by/product/2032762,"Мясо, птица, колбасы",27.99,Комплексная пищевая добавка
2873,"Колбаса вареная Филейная высшего сорта, 460 г",https://edostavka.by/product/1932224,"Мясо, птица, колбасы",4.31,Комплексная пищевая добавка; Пищевая добавка (неуточнённая)
2875,"Колбаски Для жарки с лисичками охлажденные, 500 г",https://edostavka.by/product/2057055,"Мясо, птица, колбасы",11.16,Комплексная пищевая добавка
2877,"Сардельки Из индейки мини высшего сорта, 400 г",https://edostavka.by/product/2024356,"Мясо, птица, колбасы",7.9,Комплексная пищевая добавка
2878,"Рулет копчено-вареный из цыпленка-бройлера Ландграф высшего сорта, 1 кг",https://edostavka.by/product/2038857,"Мясо, птица, колбасы",21.45,Комплексная пищевая добавка
2879,"Колбаса полукопченая Чешская с медом  высший сорт, 1 кг",https://edostavka.by/product/2102072,"Мясо, птица, колбасы",22.58,Комплексная пищевая добавка
2882,"Консервы мясные Гродфуд паштет куриный печеночный, 130 г",https://edostavka.by/product/94931,"Мясо, птица, колбасы",2.49,Комплексная пищевая добавка
2885,Филе копчено-вареное охлажденное индейки По-Изабелински 1 кг,https://edostavka.by/product/2060789,"Мясо, птица, колбасы",42.95,Комплексная пищевая добавка
2886,"Шашлык из цыплят-бройлеров Летний охлажденный, 1 кг",https://edostavka.by/product/2064651,"Мясо, птица, колбасы",12.99,Комплексная пищевая добавка
2887,"Шашлык из свинины   Домашний охлажденный, 1 кг",https://edostavka.by/product/1974070,"Мясо, птица, колбасы",18.98,Комплексная пищевая добавка
2888,"Колбаса полукопченая Королевская высший сорт, 1 кг",https://edostavka.by/product/1989435,"Мясо, птица, колбасы",18.79,Комплексная пищевая добавка
2890,Продукт сырокопченый из свинины Карпаччо из вырезки 1 кг,https://edostavka.by/product/2169428,"Мясо, птица, колбасы",38.69,Комплексная пищевая добавка
2892,"Консервы паштетные Рийет утиный с фуа-гра, 90 г",https://edostavka.by/product/2262563,"Мясо, птица, колбасы",8.85,Комплексная пищевая добавка
2893,"Колбаса вареная Молочная новая высшего сорта, 650 г",https://edostavka.by/product/2171120,"Мясо, птица, колбасы",8.52,Комплексная пищевая добавка
2894,"Полтушка копчено-вареная цыпленка-бройлера Классическая, 1 кг",https://edostavka.by/product/723305,"Мясо, птица, колбасы",15.39,Комплексная пищевая добавка; Пищевая добавка (неуточнённая)
2895,"Колбаса сырокопченая Пепперони высший сорт, 1 кг",https://edostavka.by/product/836090,"Мясо, птица, колбасы",34.89,Комплексная пищевая добавка
2896,"Колбаса вареная Кремлевская с говядиной высшего сорта, 580 г",https://edostavka.by/product/2087686,"Мясо, птица, колбасы",6.89,Комплексная пищевая добавка
2897,"Продукт из свинины Джерки острые с белым перцем сушенный, 100 г",https://edostavka.by/product/2145684,"Мясо, птица, колбасы",11.99,Комплексная пищевая добавка; Посолочная смесь
2898,"Продукт из свинины сыровяленый Закуска от деда Степана, 1 кг",https://edostavka.by/product/2099326,"Мясо, птица, колбасы",43.79,Комплексная пищевая добавка; Посолочная смесь
2899,"Колбаса сыровяленая Оригинальная Брезаола высшего сорта, 1 кг",https://edostavka.by/product/2216461,"Мясо, птица, колбасы",69.99,Комплексная пищевая добавка
2900,"Сосиски Мортаделлки Сардо вышего сорта, 300 г",https://edostavka.by/product/2220521,"Мясо, птица, колбасы",3.69,Комплексная пищевая добавка; Посолочная смесь
2901,"Бекон Баварский сырокопченый, 200 г",https://edostavka.by/product/1784641,"Мясо, птица, колбасы",7.25,Комплексная пищевая добавка
2902,"Колбаса сыровяленая Королевская высшего сорта, 1 кг",https://edostavka.by/product/816005,"Мясо, птица, колбасы",38.45,Комплексная пищевая добавка; Посолочная смесь
2904,Про­дукт коп­че­но-ва­ре­ный из го­вя­ди­ны Березовская 1 кг,https://edostavka.by/product/2183520,"Мясо, птица, колбасы",36.95,Комплексная пищевая добавка
2905,"Колбаса сырокопченая Оригинальная Мариола высшего сорта, нарезка, 80 г",https://edostavka.by/product/2204105,"Мясо, птица, колбасы",4.89,Комплексная пищевая добавка
2906,"Колбаса копчено-вареная Ветчинная высшего сорта, 1 кг",https://edostavka.by/product/2098668,"Мясо, птица, колбасы",22.95,Комплексная пищевая добавка
2908,"Колбаса сыровяленая Фуэт высший сорт, 180 г",https://edostavka.by/product/1065041,"Мясо, птица, колбасы",13.15,Комплексная пищевая добавка
2909,"Полендвица По домашнему из свинины, солёная, 1 кг",https://edostavka.by/product/514826,"Мясо, птица, колбасы",36.15,Комплексная пищевая добавка
2912,"Котлеты из говядины для бургера  Burger Chef. Original охлажденные, 400 г",https://edostavka.by/product/1378966,"Мясо, птица, колбасы",17.82,Комплексная пищевая добавка
2913,"Колбаски копчено-вареные Охотничьи высшего сорта, 1 кг",https://edostavka.by/product/1520976,"Мясо, птица, колбасы",19.09,Комплексная пищевая добавка
2914,"Колбаски сырокопченые Кабандос мини классические, высшего сорта, 60 г",https://edostavka.by/product/2166321,"Мясо, птица, колбасы",4.45,Комплексная пищевая добавка; Пищевая добавка (неуточнённая)
2915,"Колбаса сырокопченая Софийская высший сорт, 1 кг",https://edostavka.by/product/1820879,"Мясо, птица, колбасы",30.99,Комплексная пищевая добавка; Посолочная смесь
2916,Уши свиные Смачные копчено-вареные 1 кг,https://edostavka.by/product/1409950,"Мясо, птица, колбасы",28.25,Комплексная пищевая добавка
2917,"Колбаса копчено-вареная Сервелат Ореховый высший сорт, 390 г",https://edostavka.by/product/704229,"Мясо, птица, колбасы",5.76,Комплексная пищевая добавка; Пищевая добавка (неуточнённая)
2918,Продукт сырокопченый из свинины Ветчина Пармская новая 1 кг,https://edostavka.by/product/1345415,"Мясо, птица, колбасы",53.09,Комплексная пищевая добавка
2920,"Сосиски вареные Любительские категории Б, 1 кг",https://edostavka.by/product/2199567,"Мясо, птица, колбасы",15.06,Комплексная пищевая добавка
2921,Ветчина копчено-вареная из свинины По-Европейски 1 кг,https://edostavka.by/product/2097022,"Мясо, птица, колбасы",24.29,Комплексная пищевая добавка; Посолочная смесь
2925,Колбаса копчено-вареная Банкетная салями 1 кг,https://edostavka.by/product/990161,"Мясо, птица, колбасы",21.39,Комплексная пищевая добавка
2926,"Шашлык из свинины Кавказский Новый охлажденный, 1.5 кг",https://edostavka.by/product/1732875,"Мясо, птица, колбасы",32.41,Комплексная пищевая добавка
2927,Бедро копчено-вареное Аппетитное 1 кг,https://edostavka.by/product/1733185,"Мясо, птица, колбасы",16.75,Комплексная пищевая добавка
2928,"Колбаса вареная Славянская с сальцем высший сорт, 600 г",https://edostavka.by/product/1332423,"Мясо, птица, колбасы",7.21,Комплексная пищевая добавка
2934,"Продукт из свинины мясной сыровяленый Киндюк, 1 кг",https://edostavka.by/product/2281388,"Мясо, птица, колбасы",37.55,Комплексная пищевая добавка; Посолочная смесь
2935,Продукт копчено-вареный из свинины Бочок домашний 1 кг,https://edostavka.by/product/354511,"Мясо, птица, колбасы",23.85,Комплексная пищевая добавка
2936,"Полендвица из свинины По-домашнему для запекания, охлажденная, 1 кг",https://edostavka.by/product/1407687,"Мясо, птица, колбасы",25.79,Комплексная пищевая добавка
2941,"Грудинка свиная по-Итальянски охлажденная, 1 кг",https://edostavka.by/product/2217084,"Мясо, птица, колбасы",16.99,Комплексная пищевая добавка
2942,"Продукт из свинины мясной сыровяленый Балык Браун, 1 кг",https://edostavka.by/product/2223096,"Мясо, птица, колбасы",49.59,Комплексная пищевая добавка
2943,"Колбаски сырокопченые Sneeks Hamon салями, высшего сорта, 70 г",https://edostavka.by/product/2225035,"Мясо, птица, колбасы",4.35,Комплексная пищевая добавка; Пищевая добавка (неуточнённая)
2944,"Филе утенка По-Азиатски для запекания, охлажденный, 1 кг",https://edostavka.by/product/2240213,"Мясо, птица, колбасы",38.72,Комплексная пищевая добавка
2948,"Колбаски варено-копченые Барбекю, 440 г",https://edostavka.by/product/2094523,"Мясо, птица, колбасы",8.88,Комплексная пищевая добавка
2952,Колбаса полукопченая Краковская 1 кг,https://edostavka.by/product/652253,"Мясо, птица, колбасы",22.08,Комплексная пищевая добавка
2953,Хамон сыровяленый Casademont Серрано 100 г,https://edostavka.by/product/1790247,"Мясо, птица, колбасы",27.99,Посолочная смесь
2955,"Стейк из свинной корейки Грузинский ткемали охлажденный,  1 кг",https://edostavka.by/product/2057052,"Мясо, птица, колбасы",27.44,Комплексная пищевая добавка
2956,"Колбаса копчено-вареная Балыковая новая 1 сорт, 1 кг",https://edostavka.by/product/1946537,"Мясо, птица, колбасы",15.63,Комплексная пищевая добавка
2957,"Шашлык из свинины Тбилиси в маринаде, охлажденный, 900 г",https://edostavka.by/product/2229222,"Мясо, птица, колбасы",19.3,Комплексная пищевая добавка
2958,"Колбаса сыровяленая Медовая Премиум высший сорт, 1кг",https://edostavka.by/product/991318,"Мясо, птица, колбасы",35.89,Комплексная пищевая добавка
2963,"Колбаса сырокопченая Суджук высшего сорта, 1 кг",https://edostavka.by/product/443066,"Мясо, птица, колбасы",67.95,Комплексная пищевая добавка
2964,"Колбаса сырокопченая Палермо высшего сорта, 180 г",https://edostavka.by/product/2024793,"Мясо, птица, колбасы",7.49,Комплексная пищевая добавка; Пищевая добавка (неуточнённая)
2971,Продукт сырокопченый из мяса цыплят-бройлеров Филе СтароСлавянское 1 кг,https://edostavka.by/product/2081343,"Мясо, птица, колбасы",31.35,Комплексная пищевая добавка
2972,Продукт сушеный из свинины мясной Джерки острые с белым перцем 280 г,https://edostavka.by/product/2086637,"Мясо, птица, колбасы",28.35,Комплексная пищевая добавка; Посолочная смесь
2973,"Язык вареный охлажденный говяжий Нежный, 1 кг",https://edostavka.by/product/2094526,"Мясо, птица, колбасы",49.99,Комплексная пищевая добавка
2975,"Шашлык из цыплят-бройлеров  Пряный охлажденный, 1 кг",https://edostavka.by/product/2180162,"Мясо, птица, колбасы",18.86,Комплексная пищевая добавка
2976,"Ветчина сырокопченая Пармская нарезка, 140 г",https://edostavka.by/product/2204106,"Мясо, птица, колбасы",13.49,Комплексная пищевая добавка
2979,"Колбаса сырокопченая Киндюк высшего сорта, 1 кг",https://edostavka.by/product/2145483,"Мясо, птица, колбасы",48.55,Комплексная пищевая добавка
2981,"Колбаски сырокопченые Sneeks Pepper салями, высшего сорта, 70 г",https://edostavka.by/product/2223702,"Мясо, птица, колбасы",4.35,Комплексная пищевая добавка
2984,"Колбаски из свинины Гриль со вкусом брусники и меда, замороженные, 1 кг",https://edostavka.by/product/2245570,"Мясо, птица, колбасы",17.77,Комплексная пищевая добавка
2986,"Колбаса сыровяленая Янтарная из индейки высшего сорта, 180 г",https://edostavka.by/product/2024351,"Мясо, птица, колбасы",12.29,Комплексная пищевая добавка
2987,"Консервы мясорастительные Гречка По-Купечески с томленой курицей, 20%, 338 г",https://edostavka.by/product/2060948,"Мясо, птица, колбасы",5.29,Комплексная пищевая добавка
2990,"Колбаса сыровяленая из мяса индейки Логаниза высшего сорта, 160 г",https://edostavka.by/product/2225550,"Мясо, птица, колбасы",16.95,Комплексная пищевая добавка; Посолочная смесь
2994,"Колбаса варено-копченая Кремлевская высшего сорта, 1 кг",https://edostavka.by/product/870318,"Мясо, птица, колбасы",21.87,Комплексная пищевая добавка
2995,"Колбаса сыровяленая Клюковка высший сорт, 1 кг",https://edostavka.by/product/1518947,"Мясо, птица, колбасы",40.99,Комплексная пищевая добавка
2996,Ветчина копчено-вареная Чисто говяжья 1 кг,https://edostavka.by/product/1989428,"Мясо, птица, колбасы",19.75,Комплексная пищевая добавка; Посолочная смесь
2997,"Консервы мясные Говядина тушеная спецзаказ 73%, 525 г",https://edostavka.by/product/2204008,"Мясо, птица, колбасы",10.25,Комплексная пищевая добавка
2998,"Ветчина сырокопченая Прошутто нарезка, 140 г",https://edostavka.by/product/2204107,"Мясо, птица, колбасы",10.85,Комплексная пищевая добавка
2999,"Консервы мясные Гродфуд говядина тушеная в пряном соусе, 55%, 340 г",https://edostavka.by/product/2141259,"Мясо, птица, колбасы",11.49,Комплексная пищевая добавка
3000,"Продукт из свинины копчено вареный Ветчина Панская, 1 кг",https://edostavka.by/product/2142052,"Мясо, птица, колбасы",25.25,Комплексная пищевая добавка
3001,"Колбаса сырокопченая Фелино салями, высшего сорта,1 кг",https://edostavka.by/product/2106705,"Мясо, птица, колбасы",39.99,Комплексная пищевая добавка
3006,"Колбаса сыровяленая Брезаола высшего сорта, 1 кг",https://edostavka.by/product/2240169,"Мясо, птица, колбасы",73.89,Комплексная пищевая добавка
3007,"Кол­ба­са сы­ро­коп­че­ная Лучезе, 180 г",https://edostavka.by/product/2267103,"Мясо, птица, колбасы",9.15,Комплексная пищевая добавка
3008,"Продукт из свинины сыровяленый Балык Коптильня Гурмана, 1 кг",https://edostavka.by/product/1213049,"Мясо, птица, колбасы",38.65,Комплексная пищевая добавка; Посолочная смесь
3010,"Колбаса сырокопченая Дворянская с коньяком высшего сорта, 1 кг",https://edostavka.by/product/2069312,"Мясо, птица, колбасы",41.75,Комплексная пищевая добавка; Посолочная смесь
3011,"Колбаса копчено-вареная Ротоло ди Люссо, 1 кг",https://edostavka.by/product/2093620,"Мясо, птица, колбасы",26.91,Комплексная пищевая добавка
3013,"Колбаса копчено-вареная Сервелат Виргинский первый сорт, 360 г",https://edostavka.by/product/2030526,"Мясо, птица, колбасы",5.44,Комплексная пищевая добавка
3015,Продукт сырокопченый из свинины мясной Грудинка ароматная новая 1 кг,https://edostavka.by/product/2046527,"Мясо, птица, колбасы",22.55,Комплексная пищевая добавка
3016,"Консервы мясные Говядина тушеная походная, 77%, 525 г",https://edostavka.by/product/2099796,"Мясо, птица, колбасы",10.55,Комплексная пищевая добавка
3017,"Продукт варено-копченый из свинины Шея Березовская, 1 кг",https://edostavka.by/product/2105792,"Мясо, птица, колбасы",27.85,Комплексная пищевая добавка
3019,"Со­сис­ки Ми­шут­ка Детские Для пиццы высшего сорта, 480 г",https://edostavka.by/product/2215269,"Мясо, птица, колбасы",8.48,Комплексная пищевая добавка; Пищевая добавка (неуточнённая)
3020,"Колбаса сырокопченая Оригинальная Столичная первого сорта, 1 кг",https://edostavka.by/product/2220017,"Мясо, птица, колбасы",35.45,Комплексная пищевая добавка
3021,"Колбаски сырокопченые Sneeks Classic салями, высшего сорта, 70 г",https://edostavka.by/product/2225033,"Мясо, птица, колбасы",4.69,Комплексная пищевая добавка
3023,"Колбаса сырокопченая Киндюк высший сорт, 1 кг",https://edostavka.by/product/640149,"Мясо, птица, колбасы",47.89,Комплексная пищевая добавка
3024,Продукт копчено-вареный из свинины Лопатка домашняя 1 кг,https://edostavka.by/product/436874,"Мясо, птица, колбасы",23.05,Комплексная пищевая добавка
3026,"Колбаски полукопченые Итальянские с моцареллой высшего сорта, 260 г",https://edostavka.by/product/1645190,"Мясо, птица, колбасы",6.25,Комплексная пищевая добавка
3028,"Продукт варено-копченый из свинины Язык Традиционный,  1 кг",https://edostavka.by/product/1896914,"Мясо, птица, колбасы",42.35,Комплексная пищевая добавка
3029,"Колбаса копчено-вареная Сервелат Фирменный высшего сорта, 1 кг",https://edostavka.by/product/2222573,"Мясо, птица, колбасы",22.17,Комплексная пищевая добавка
3031,"Колбаса сырокопченая Медовая высшего сорта, 1 кг",https://edostavka.by/product/1124955,"Мясо, птица, колбасы",37.75,Комплексная пищевая добавка
3032,Консервы паштетные мясорастительные Гродфуд из мяса цыпленка бройлера 290г,https://edostavka.by/product/83204,"Мясо, птица, колбасы",3.79,Пищевая добавка (неуточнённая)
3033,Продукт сырокопченый слоеный Мясной дуэт 1 кг,https://edostavka.by/product/954781,"Мясо, птица, колбасы",50.55,Комплексная пищевая добавка
3034,Продукт сырокопченый Вырезка Венская 1 кг,https://edostavka.by/product/407287,"Мясо, птица, колбасы",40.59,Комплексная пищевая добавка
3036,"Колбаса сырокопченая Европейская салями, высшего сорта, 1 кг",https://edostavka.by/product/762573,"Мясо, птица, колбасы",32.59,Комплексная пищевая добавка
3037,"Консервы мясорастительные Плов Сытный со свининой, 20%, 338 г",https://edostavka.by/product/901345,"Мясо, птица, колбасы",4.99,Комплексная пищевая добавка; Пищевая добавка (неуточнённая)
3039,"Колбаса сырокопченая Мясной каприз оригинальная высшего сорта, 1 кг",https://edostavka.by/product/2061370,"Мясо, птица, колбасы",46.59,Комплексная пищевая добавка
3041,"Шашлык из свинины в майонезе, охлажденный, 1 кг",https://edostavka.by/product/2180156,"Мясо, птица, колбасы",18.6,Комплексная пищевая добавка
3042,"Колбаса варено-копченая Киндюк высшего сорта, 1 кг",https://edostavka.by/product/2209703,"Мясо, птица, колбасы",25.31,Комплексная пищевая добавка
3043,"Продукт из свинины Мясные палочки сушенные, 100 г",https://edostavka.by/product/2143485,"Мясо, птица, колбасы",6.75,Комплексная пищевая добавка
3045,"Колбаса полукопченая Свиная на дровах высший сорт, 1 кг",https://edostavka.by/product/2102070,"Мясо, птица, колбасы",19.87,Комплексная пищевая добавка
3046,Продукт копчено-вареный из говядины Вырезка Праздничная 1 кг,https://edostavka.by/product/2133182,"Мясо, птица, колбасы",37.59,Комплексная пищевая добавка; Посолочная смесь
3047,Продукт варено-копченый из утенка Окорочок 1 кг,https://edostavka.by/product/2233559,"Мясо, птица, колбасы",24.99,Комплексная пищевая добавка
3049,Продукт сырокопченый из свинины Кумпяк 100 г,https://edostavka.by/product/962264,"Мясо, птица, колбасы",7.55,Посолочная смесь
3050,"Колбаса сырокопченая Новинка высшего сорта, 1 кг",https://edostavka.by/product/279583,"Мясо, птица, колбасы",41.89,Комплексная пищевая добавка
3053,"Шашлык из свинины  Дачный с луком, охлажденный, 1 кг",https://edostavka.by/product/2145690,"Мясо, птица, колбасы",18.49,Комплексная пищевая добавка
3055,"Колбаса сыровяленая Деревенская высшего сорта, 1 кг",https://edostavka.by/product/2221150,"Мясо, птица, колбасы",42.65,Комплексная пищевая добавка
3059,Продукт сырокопченый из свинины мясной Бужанина 100 г,https://edostavka.by/product/962262,"Мясо, птица, колбасы",7.29,Посолочная смесь
3060,"Колбаса сырокопченая «Сицилия» высшего сорта, 180 г",https://edostavka.by/product/837628,"Мясо, птица, колбасы",6.75,Комплексная пищевая добавка
3062,"Колбаса сыровяленая От бабушки высший сорт, 1 кг",https://edostavka.by/product/1332472,"Мясо, птица, колбасы",40.85,Комплексная пищевая добавка
3063,"Ребрышки из свинины Деревенские, охлажденные, 1 кг",https://edostavka.by/product/1465889,"Мясо, птица, колбасы",22.76,Комплексная пищевая добавка
3065,"Шашлык из свинины Восточный в маринаде охлажденный, 1 кг",https://edostavka.by/product/2023825,"Мясо, птица, колбасы",17.92,Комплексная пищевая добавка
3067,"Консервы паштетные мясорастительные Гродфуд Pate с грибами, 47.2%, 290 г",https://edostavka.by/product/2065732,"Мясо, птица, колбасы",3.95,Комплексная пищевая добавка
3068,"Колбаса копчено-вареная Сервелат Барбадос высшего сорта, 1 кг",https://edostavka.by/product/2185246,"Мясо, птица, колбасы",22.53,Комплексная пищевая добавка
3071,"Продукт из свинины мясной сыровяленый Хамон Браун, 1 кг",https://edostavka.by/product/2223098,"Мясо, птица, колбасы",38.15,Комплексная пищевая добавка
3073,"Котлеты из говядины с сыром, охлажденные, 320 г",https://edostavka.by/product/2236781,"Мясо, птица, колбасы",11.99,Комплексная пищевая добавка
3076,"Продукт из мяса цыплят-бройлеров Рулет по-деревенски копчено-вареный высшего сорта , 1 кг",https://edostavka.by/product/2293297,"Мясо, птица, колбасы",22.19,Комплексная пищевая добавка; Посолочная смесь
3077,"Продукт из свинины Кумпячок сырокопченый, 1 кг",https://edostavka.by/product/600116,"Мясо, птица, колбасы",32.55,Комплексная пищевая добавка
3079,Кумпячок По-домашнему 1 кг,https://edostavka.by/product/1653463,"Мясо, птица, колбасы",33.49,Комплексная пищевая добавка
3084,Продукт сырокопченый говядина Барская 1 кг,https://edostavka.by/product/2059799,"Мясо, птица, колбасы",72.85,Комплексная пищевая добавка
3085,"Консервы мясные Свинина бутербродная фаршевые стерилизованные, 340 г",https://edostavka.by/product/1973542,"Мясо, птица, колбасы",6.99,Комплексная пищевая добавка
3086,"Колбаски сырокопченые Кабандос стикс классические, высшего сорта, 40 г",https://edostavka.by/product/2181375,"Мясо, птица, колбасы",2.65,Комплексная пищевая добавка; Пищевая добавка (неуточнённая)
3087,"Голень индейки Фирменная копчено-вареная, охлажденная, 1 кг",https://edostavka.by/product/2101224,"Мясо, птица, колбасы",17.15,Комплексная пищевая добавка; Влагоудерживающий агент
3088,"Колбаса сырокопченая Балканская высшего сорта, 1 кг",https://edostavka.by/product/2129766,"Мясо, птица, колбасы",32.99,Комплексная пищевая добавка
3090,"Сосиски  Молочные высшего сорта, 1 кг",https://edostavka.by/product/2242052,"Мясо, птица, колбасы",13.54,Комплексная пищевая добавка
3092,"Колбаса сыровяленая Брезаола салями, высшего сорта, 1 кг",https://edostavka.by/product/2270767,"Мясо, птица, колбасы",53.45,Комплексная пищевая добавка
3093,"Фарш  из свинины Для рубленых котлет, 1 кг",https://edostavka.by/product/2287567,"Мясо, птица, колбасы",16.52,Комплексная пищевая добавка
3094,"Шашлык из свинины в маринаде пряный апельсин, охлажденный, 1 кг",https://edostavka.by/product/2294303,"Мясо, птица, колбасы",21.4,Комплексная пищевая добавка
3095,Продукт из свинины копчено-вареный Дуэт из Молодечно 1 кг,https://edostavka.by/product/1170467,"Мясо, птица, колбасы",33.25,Комплексная пищевая добавка
3096,"Колбаски полукопченые Шашлычные высшего сорта, 1 кг",https://edostavka.by/product/1814968,"Мясо, птица, колбасы",15.81,Комплексная пищевая добавка
3098,"Колбаса копчено-вареная Губернская из мяса индейки высший сорт, 1 кг",https://edostavka.by/product/2041792,"Мясо, птица, колбасы",18.99,Комплексная пищевая добавка; Пищевая добавка (неуточнённая)
3099,"Консервы мясорастительные Каша перловая По-Боярски из мяса цыплят-бройлеров, 20%, 338 г",https://edostavka.by/product/2060947,"Мясо, птица, колбасы",4.99,Комплексная пищевая добавка; Пищевая добавка (неуточнённая)
3101,"Фарш из мяса цыплят-бройлеров Маэстро нежный замороженный, 1 кг",https://edostavka.by/product/1913983,"Мясо, птица, колбасы",13.42,Комплексная пищевая добавка
3103,Продукт сырокопченый из говядины Веллингтон 1кг,https://edostavka.by/product/1935227,"Мясо, птица, колбасы",90.79,Комплексная пищевая добавка
3104,"Колбаски сырокопченые Кабандос мини острые, высшего сорта, 60 г",https://edostavka.by/product/2199775,"Мясо, птица, колбасы",4.45,Комплексная пищевая добавка; Пищевая добавка (неуточнённая)
3105,"Сосиски «Классические» По-берёзовски, 1кг",https://edostavka.by/product/2204030,"Мясо, птица, колбасы",13.55,Комплексная пищевая добавка
3107,"Продукт из свинины мясной сыровяленый Грудинка Браун, 1 кг",https://edostavka.by/product/2220057,"Мясо, птица, колбасы",36.19,Комплексная пищевая добавка
3109,"Колбаски варено-копченые Гриль с чесночком первого сорта, 400 г",https://edostavka.by/product/2287209,"Мясо, птица, колбасы",6.26,Посолочная смесь
3113,"Консервы мясорастительные Гречка с говядиной, 20%, 338 г",https://edostavka.by/product/901346,"Мясо, птица, колбасы",5.75,Комплексная пищевая добавка
3116,"Колбаски сырокопченые Кабандос стикс острые, высшего сорта, 40 г",https://edostavka.by/product/2181376,"Мясо, птица, колбасы",2.55,Комплексная пищевая добавка; Пищевая добавка (неуточнённая)
3117,"Консервы мясные Свинина Сибирская высший сорт, кусковые, 300 г",https://edostavka.by/product/2158308,"Мясо, птица, колбасы",7.49,Комплексная пищевая добавка
3120,"Колбаса вареная с маслицем высшего сорта, 400 г",https://edostavka.by/product/2218269,"Мясо, птица, колбасы",5.95,Комплексная пищевая добавка
3125,"Колбаса сыровяленая Свиная Оригинальная высшего сорта, 1 кг",https://edostavka.by/product/640163,"Мясо, птица, колбасы",27.99,Комплексная пищевая добавка
3126,Продукт сырокопченый из свинины Полендвица Венская 1 кг,https://edostavka.by/product/1694023,"Мясо, птица, колбасы",41.05,Комплексная пищевая добавка
3127,Ветичина сырокопченая из свинины Палермо 1 кг,https://edostavka.by/product/849451,"Мясо, птица, колбасы",52.69,Комплексная пищевая добавка
3128,"Стейк из свинины Pork Steak Томагавк охлажденный, 1 кг",https://edostavka.by/product/1352853,"Мясо, птица, колбасы",27.99,Комплексная пищевая добавка
3130,Продукт сырокопченый из говядины Санторини 1 кг,https://edostavka.by/product/2059798,"Мясо, птица, колбасы",55.39,Посолочная смесь
3131,"Колбаски сырокопченая Пиколини бекон, 50 г",https://edostavka.by/product/1975321,"Мясо, птица, колбасы",4.85,Посолочная смесь
3137,"Колбаса сыровяленая От бабушки высшего сорта, 1 кг",https://edostavka.by/product/2221158,"Мясо, птица, колбасы",43.29,Комплексная пищевая добавка
3138,"Консервы паштетные Рийет утиный с изюмом, 90 г",https://edostavka.by/product/2262562,"Мясо, птица, колбасы",7.15,Комплексная пищевая добавка
3139,"Консервы мясные Свинина Слуцкая кусковые в собственном соку, 340 г",https://edostavka.by/product/2281387,"Мясо, птица, колбасы",5.59,Комплексная пищевая добавка; Посолочная смесь
3140," Перец фаршированный Классический замороженный, 1 кг",https://edostavka.by/product/2180964,"Мясо, птица, колбасы",13.65,Комплексная пищевая добавка
3141,Продукт копчено-вареный из мяса цыпленка-бройлера Рулет элитный люкс 480 г,https://edostavka.by/product/1257906,"Мясо, птица, колбасы",13.85,Комплексная пищевая добавка
3142,Паста мясная PastaMania Цыпленок с орехами и грибами 150 г,https://edostavka.by/product/2093782,"Мясо, птица, колбасы",4.65,Комплексная пищевая добавка
3143,"Колбаса сыровяленая Королевская из индейки высшего сорта, 170 г",https://edostavka.by/product/2024350,"Мясо, птица, колбасы",13.15,Посолочная смесь; Комплексная пищевая добавка
3146,"Консервы мясные Гродфуд говядина тушеная в остром соусе, 55%, 340 г",https://edostavka.by/product/2141258,"Мясо, птица, колбасы",9.65,Комплексная пищевая добавка
3147,"Продукт из свинины Мясные стики сушенные, 100 г",https://edostavka.by/product/2143486,"Мясо, птица, колбасы",6.89,Комплексная пищевая добавка
3148,"Шашлык из свинины Пикничок охлажденный, 1.5 кг",https://edostavka.by/product/2158998,"Мясо, птица, колбасы",27.58,Комплексная пищевая добавка
3150,"Консервы мясные Говядина томленая, 58.8%, 338 г",https://edostavka.by/product/2217599,"Мясо, птица, колбасы",7.29,Комплексная пищевая добавка
3153,"Консерва стерилизованная Кронидов Солянка, 300 г",https://edostavka.by/product/2243649,"Мясо, птица, колбасы",12.55,Посолочная смесь
3157,"Колбаса сыровяленая Фуэт с благородной плесенью из мраморной говядины и трюфелем, 110 г",https://edostavka.by/product/2281765,"Мясо, птица, колбасы",30.49,Посолочная смесь
3158,"Шашлык из свинины в маринаде розмарин и брусника, охлажденный, 1кг",https://edostavka.by/product/2294305,"Мясо, птица, колбасы",22.5,Комплексная пищевая добавка
3161,Продукт сыровяленый из говядины Бастурма По-турецки 1 кг,https://edostavka.by/product/187288,"Мясо, птица, колбасы",72.15,Комплексная пищевая добавка
3164,"Колбаса сырокопченая ""С коньяком"" высшего сорта, 1 кг",https://edostavka.by/product/777869,"Мясо, птица, колбасы",39.45,Комплексная пищевая добавка
3165,"Стейк из свинины Pork Steak Стриплойн охлажденный, 1 кг",https://edostavka.by/product/1352843,"Мясо, птица, колбасы",32.99,Комплексная пищевая добавка
3166,"Шея свиная Pork Steak для запекания, охлажденная, 1 кг",https://edostavka.by/product/1352846,"Мясо, птица, колбасы",29.99,Комплексная пищевая добавка
3167,"Ветчина вареная Элитная нежная рубленая высшего сорта, 1 кг",https://edostavka.by/product/1868494,"Мясо, птица, колбасы",14.36,Комплексная пищевая добавка
3169,"Продукт из свинины сырокопченый Ветчина Прошутто вакуум, 1 кг",https://edostavka.by/product/1964044,"Мясо, птица, колбасы",54.39,Комплексная пищевая добавка
3170,"Продукт из свинины копчено-вареный Рулет Дуэт, 1кг",https://edostavka.by/product/2103717,"Мясо, птица, колбасы",24.99,Комплексная пищевая добавка
3172,"Консервы мясные Свинина томленая 58.8%, 338 г",https://edostavka.by/product/2217597,"Мясо, птица, колбасы",7.75,Комплексная пищевая добавка
3173,"Колбаса сыровяленая Паляўничая высшего сорта, 1 кг",https://edostavka.by/product/2221152,"Мясо, птица, колбасы",58.89,Комплексная пищевая добавка
3176,"Шашлык из свинины По-Узбекски охлажденный, 1 кг",https://edostavka.by/product/2294230,"Мясо, птица, колбасы",21.67,Комплексная пищевая добавка
3177,"Стейк из свинины Pork Steak Ковбой охлажденный, 1 кг",https://edostavka.by/product/1841228,"Мясо, птица, колбасы",27.99,Комплексная пищевая добавка
3178,"Колбаса сырокопченая Новинка салями, 1 кг",https://edostavka.by/product/772317,"Мясо, птица, колбасы",41.09,Комплексная пищевая добавка
3183,"Продукт из мяса свинины сыровяленый Мяско Праздничное, 1 кг",https://edostavka.by/product/2221154,"Мясо, птица, колбасы",37.85,Комплексная пищевая добавка
3184,"Консервы мясные Особинские куриные, 66%, 340 г",https://edostavka.by/product/2239257,"Мясо, птица, колбасы",8.15,Комплексная пищевая добавка
3186," Котлета Для бургеров замороженная, 1 кг",https://edostavka.by/product/2288340,"Мясо, птица, колбасы",35.19,Комплексная пищевая добавка
3187,"Колбаски сырокопченая Пиколини аджика, 50 г",https://edostavka.by/product/1877147,"Мясо, птица, колбасы",4.85,Посолочная смесь
3229,"Закуска рыбная из сельди атлантической Фаршмак с приправами, 250 г",https://edostavka.by/product/83752,"Рыба, морепродукты",2.88,Комплексная пищевая добавка
3316,"Форель радужная РыбаХит соленая, филе-кусок, 150 г",https://edostavka.by/product/2224985,"Рыба, морепродукты",10.79,Комплексная пищевая добавка; Пищевая добавка (неуточнённая)
3317,"Крабовое мясо VICI охлажденное, 200 г",https://edostavka.by/product/76757,"Рыба, морепродукты",4.69,Влагоудерживающий агент
3376,"Сельдь атлантическая Баренцево филе-кусочки в белом соусе, 120 г",https://edostavka.by/product/726298,"Рыба, морепродукты",4.23,Комплексная пищевая добавка
3391,"Фишболы из мяса креветок в панировке, замороженные, 400 г",https://edostavka.by/product/2145511,"Рыба, морепродукты",19.99,Улучшитель хлебобулочный
3432,"Коктейль из морепродуктов Vici морской с креветками, в масле, 360 г",https://edostavka.by/product/955811,"Рыба, морепродукты",10.99,Влагоудерживающий агент
3449,"Рулеты из лосося с вялеными томатами и шпинатом замороженные, 1 кг",https://edostavka.by/product/2266553,"Рыба, морепродукты",117.79,Комплексная пищевая добавка
3460,"Фишболы из филе минтая с крем-чизом, замороженные, 400 г",https://edostavka.by/product/2105164,"Рыба, морепродукты",15.49,Комплексная пищевая добавка
3484,"Консервы рыбные Владкон каша рисовая с желтоперым тунцом, 325 г",https://edostavka.by/product/2173870,"Рыба, морепродукты",12.65,Комплексная пищевая добавка
3487,"Перец фаршированый с форелью замороженный, 1 кг",https://edostavka.by/product/2266549,"Рыба, морепродукты",35.99,Комплексная пищевая добавка
3499,"Пельмени Марьино по-восточному со свининой и говядиной, 400 г",https://edostavka.by/product/1501250,Замороженные продукты,6.27,Комплексная пищевая добавка
3500,"Чебурек жареный Марьино по-итальянски, 130 г",https://edostavka.by/product/1733054,Замороженные продукты,3.05,Комплексная пищевая добавка
3503,"Пицца Неаполитанская с грушей и сыром Рокфорти, замороженная, 490 г",https://edostavka.by/product/2287714,Замороженные продукты,23.99,Пищевая добавка (неуточнённая)
3505,"Пельмени Мясные Подушечки Классические, 430 г",https://edostavka.by/product/2101839,Замороженные продукты,4.75,Пищевая добавка (неуточнённая)
3511,Пельмени Слободские 1 кг,https://edostavka.by/product/416191,Замороженные продукты,4.72,Пищевая добавка (неуточнённая)
3514,"Наггетсы из мяса цыплят-бройлеров в панировке, охлажденные, 600г",https://edostavka.by/product/1024014,Замороженные продукты,10.61,Комплексная пищевая добавка
3519,"Пельмени Бульварские со сливочным маслом, 430 г",https://edostavka.by/product/2186323,Замороженные продукты,6.59,Пищевая добавка (неуточнённая); Комплексная пищевая добавка
3521,"Пельмени Бульварские с лисичками, 430 г",https://edostavka.by/product/2186321,Замороженные продукты,6.59,Пищевая добавка (неуточнённая); Комплексная пищевая добавка
3522,"Пельмени Мясные Подушечки с грибами, 430 г",https://edostavka.by/product/2139465,Замороженные продукты,5.84,Пищевая добавка (неуточнённая)
3523,"Пельмени Мясные Подушечки Боярские, 430 г",https://edostavka.by/product/2103138,Замороженные продукты,5.89,Пищевая добавка (неуточнённая)
3531,"Пельмени Марьино со свининой и говядиной, 400 г",https://edostavka.by/product/850143,Замороженные продукты,6.49,Комплексная пищевая добавка
3539,"Картофель-фри замороженный, 750 г",https://edostavka.by/product/1399863,Замороженные продукты,6.59,Пищевая добавка (неуточнённая)
3540,"Пельмени Марьино с мясом цыпленка-бройлера и индейкой, 400 г",https://edostavka.by/product/850142,Замороженные продукты,6.49,Комплексная пищевая добавка
3548,"Пельмени Бульварские классические мясные, 430 г",https://edostavka.by/product/2186319,Замороженные продукты,5.99,Пищевая добавка (неуточнённая); Комплексная пищевая добавка
3553,"Хинкали по-домашнему, замороженные, 1 кг",https://edostavka.by/product/644252,Замороженные продукты,11.69,Пищевая добавка (неуточнённая)
3559,"Пельмени Марьино с мясом цыпленка-бройлера, грибами, сыром, 400 г",https://edostavka.by/product/986593,Замороженные продукты,5.94,Комплексная пищевая добавка
3560,"Тесто слоёное дрожжевое, замороженное, 400 г",https://edostavka.by/product/2200602,Замороженные продукты,3.39,Комплексная пищевая добавка
3567,"Вареники Марьино с картофелем, замороженные, 400 г",https://edostavka.by/product/965395,Замороженные продукты,4.65,Комплексная пищевая добавка
3569,"Пельмени Бульварские с ароматной зеленью, 430 г",https://edostavka.by/product/2186324,Замороженные продукты,6.59,Пищевая добавка (неуточнённая); Комплексная пищевая добавка
3570,"Вареники Марьино с клубникой, замороженные, 400 г",https://edostavka.by/product/992449,Замороженные продукты,6.35,Комплексная пищевая добавка
3572,"Пельмени Марьино с мясом цыпленка-бройлера, 400 г",https://edostavka.by/product/850140,Замороженные продукты,6.49,Комплексная пищевая добавка
3579,"Заготовка тестовая OGO круассан классический, замороженная, 600 г",https://edostavka.by/product/1134297,Замороженные продукты,12.51,Комплексная пищевая добавка
3580,"Чебурек жареный Панский XXL с говядиной и свининой, замороженный, 150 г",https://edostavka.by/product/2202249,Замороженные продукты,2.15,Комплексная пищевая добавка
3592,"Тесто слоеное дрожжевое Gusto, замороженное, 400 г",https://edostavka.by/product/1944545,Замороженные продукты,3.49,Комплексная пищевая добавка; Улучшитель хлебобулочный
3596,"Пицца по-домашнему Сытная охлажденная, 450 г",https://edostavka.by/product/2238921,Замороженные продукты,10.49,Комплексная пищевая добавка
3597,"Пельмени Марьино с мясом цыпленка-бройлера, 800 г",https://edostavka.by/product/1464250,Замороженные продукты,12.33,Комплексная пищевая добавка
3601,"Пельмени Марьино с говядиной, 400 г",https://edostavka.by/product/2087958,Замороженные продукты,8.41,Комплексная пищевая добавка
3602,"Пицца по-домашнему с ветчин и грибами охлажденная, 450 г",https://edostavka.by/product/2238922,Замороженные продукты,10.49,Комплексная пищевая добавка
3603,"Пельмени Марьино с мясом цыпленка-бройлера по-восточному, 400 г",https://edostavka.by/product/1501248,Замороженные продукты,6.27,Комплексная пищевая добавка
3605,"Круассан на сливочном масле замороженый, 700 г",https://edostavka.by/product/2062019,Замороженные продукты,10.55,Комплексная пищевая добавка; Улучшитель хлебобулочный
3609,"Пельмени Марьино с мясом цыпленка-бройлера и индейкой, 800 г",https://edostavka.by/product/2141662,Замороженные продукты,12.33,Комплексная пищевая добавка
3613,"Вареники Марьино с творогом, замороженные, 400 г",https://edostavka.by/product/1464251,Замороженные продукты,5.35,Комплексная пищевая добавка
3623,"Чебурек жареный Марьино по-французски, 130 г",https://edostavka.by/product/1733053,Замороженные продукты,3.05,Комплексная пищевая добавка; Функциональная смесь
3624,"Пельмени Марьино со свининой и говядиной, 800 г",https://edostavka.by/product/1196421,Замороженные продукты,12.33,Комплексная пищевая добавка
3629,"Равиоли с грибами и сыром пармезан, замороженные, 400 г",https://edostavka.by/product/2065532,Замороженные продукты,7.09,Комплексная пищевая добавка
3630,"Наггетсы куриные Мираторг с сыром, 250 г",https://edostavka.by/product/2212318,Замороженные продукты,9.45,Комплексная пищевая добавка
3635,"Заготовка тестовая OGO круассан с малиновой начинкой, замороженная, 450 г",https://edostavka.by/product/2184544,Замороженные продукты,12.49,Комплексная пищевая добавка
3640,"Пельмени Марьино острые со свининой и говядиной, 400 г",https://edostavka.by/product/1780151,Замороженные продукты,6.27,Комплексная пищевая добавка
3643,"Пицца Zotman Pizza Груша и горгонзола, замороженная, 415 г",https://edostavka.by/product/2103927,Замороженные продукты,25.69,Комплексная пищевая добавка
3647,"Пицца Zotman Pizza Дель Мар с соусом лемонграсс Ice, замороженная, 450 г",https://edostavka.by/product/2241344,Замороженные продукты,23.59,Комплексная пищевая добавка
3707,"Кофейный напиток растворимый Jardin Cappuccino, 18 г",https://edostavka.by/product/1979621,"Кофе, чай",1.25,Комплексная пищевая добавка
3709,"Кофейный напиток растворимый Jardin Mochaccino, 18 г",https://edostavka.by/product/1979624,"Кофе, чай",1.25,Комплексная пищевая добавка
3757,"Кофейный напиток растворимый Jardin Latte, 18 г",https://edostavka.by/product/1979623,"Кофе, чай",1.25,Комплексная пищевая добавка
3795,"Кофейный напиток растворимый Jardin Americano, 15 г",https://edostavka.by/product/1979622,"Кофе, чай",1.25,Комплексная пищевая добавка
4187,"На­пи­ток пивной без­ал­ко­голь­ный Лидское Нулёвочка Пшеничная,  0,45 л",https://edostavka.by/product/1172298,"Вода, напитки",2.55,Комплексная пищевая добавка
4197,"На­пи­ток га­зи­ро­ван­ный Pepsi Zero на подсластителях, 2 л",https://edostavka.by/product/1970904,"Вода, напитки",5.59,Комплексная пищевая добавка
4217,"Напиток энергетический Gorilla без сахара, 0.45 л",https://edostavka.by/product/2209808,"Вода, напитки",3.39,Комплексная пищевая добавка
4223,"Напиток газированный Советская классика крем-сода, 2 л",https://edostavka.by/product/644453,"Вода, напитки",2.15,Комплексная пищевая добавка
4224,"На­пи­ток га­зи­ро­ван­ный Pepsi Zero на подсластителях, 0.33 л",https://edostavka.by/product/1970905,"Вода, напитки",2.09,Комплексная пищевая добавка
4236,"На­пи­ток га­зи­ро­ван­ный Pepsi Zero на подсластителях, 1.5 л",https://edostavka.by/product/1970903,"Вода, напитки",4.65,Комплексная пищевая добавка
4264,"На­пи­ток га­зи­ро­ван­ный Pepsi Zero на подсластителях, 1 л",https://edostavka.by/product/1970902,"Вода, напитки",3.65,Комплексная пищевая добавка
4265,"Напиток энергетический Dynami:T Strong, 0.5 л",https://edostavka.by/product/708690,"Вода, напитки",3.09,Комплексная пищевая добавка
4268,Напиток газированный Pepsi 2 л,https://edostavka.by/product/690456,"Вода, напитки",5.59,Комплексная пищевая добавка
4272,"Напиток Аква Витамин негазированный c ароматом клюквы и витамином B12, 0.75 л",https://edostavka.by/product/966497,"Вода, напитки",3.75,Комплексная пищевая добавка
4278,"Напиток пивной безалкогольный Речицкое пшеничное, 0.45 л",https://edostavka.by/product/2200074,"Вода, напитки",2.75,Комплексная пищевая добавка
4295,"Напиток Аква Витамин негазированный, c ароматом лимона и лайма, витамином B6, 0.75 л",https://edostavka.by/product/966498,"Вода, напитки",3.75,Комплексная пищевая добавка
4302,Напиток газированный Pepsi 0.33 л,https://edostavka.by/product/1273776,"Вода, напитки",2.09,Комплексная пищевая добавка
4306,"Напиток безалкогольный газированный Твой Тоник Индиан Тоник, 1 л",https://edostavka.by/product/1641952,"Вода, напитки",3.75,Комплексная пищевая добавка
4323,Напиток газированный Pepsi 1.5 л,https://edostavka.by/product/573809,"Вода, напитки",4.25,Комплексная пищевая добавка
4330,Напиток газированный Pepsi 0.5 л,https://edostavka.by/product/573807,"Вода, напитки",2.39,Комплексная пищевая добавка
4337,"Напиток пивной безалкогольный Garage Seth’s Crafty Zero Drink Peach, 0.5%, 0.45 л",https://edostavka.by/product/2215962,"Вода, напитки",3.25,Комплексная пищевая добавка
4343,"На­пи­ток га­зи­ро­ван­ный Pepsi Zero на подсластителях, 0.5 л",https://edostavka.by/product/1970901,"Вода, напитки",2.39,Комплексная пищевая добавка
4380,"Напиток газированный Сочный лимонад, апельсин, 1.95 л",https://edostavka.by/product/2242054,"Вода, напитки",5.99,Комплексная пищевая добавка
4402,Напиток газированный Pepsi 1 л,https://edostavka.by/product/573808,"Вода, напитки",3.65,Комплексная пищевая добавка
4414,"На­пи­ток энер­ге­ти­че­ский Flash up energy мятный лайм, 0.45 л",https://edostavka.by/product/2204914,"Вода, напитки",3.05,Комплексная пищевая добавка
4422,"На­пи­ток пивной без­ал­ко­голь­ный Rocky Croc со вкусом грейпфрута, 0.45 л",https://edostavka.by/product/2105453,"Вода, напитки",2.25,Комплексная пищевая добавка
4428,"Напиток газированный Сочный лимонад, лимон -мята, 1.95 л",https://edostavka.by/product/2242062,"Вода, напитки",5.99,Комплексная пищевая добавка
4462,"Напиток газированный Сочный лимонад, кола-вишня, 1.95 л",https://edostavka.by/product/2242059,"Вода, напитки",5.99,Комплексная пищевая добавка
4480,"Напиток безалкогольный газированный Твой Тоник Биттер Лимон, 1 л",https://edostavka.by/product/1641951,"Вода, напитки",3.75,Комплексная пищевая добавка
4484,"Напиток безалкогольный газированный  Твой Тоник БерриМор, 1 л",https://edostavka.by/product/1641950,"Вода, напитки",3.75,Комплексная пищевая добавка
4647,"Напиток газированный Pop Shop Бабл-гам, 0,5л",https://edostavka.by/product/2033216,"Вода, напитки",2.45,Пищевая добавка (неуточнённая)
4685,Сода пищевая 500 г,https://edostavka.by/product/58775,"Крупы, макароны, сахар",2.99,Пищевая добавка (неуточнённая)
4717,"Вермишель быст­ро­го при­го­тов­ле­ния Bistron со вкусом бекона и сыра, 60 г",https://edostavka.by/product/1651466,"Крупы, макароны, сахар",0.98,Комплексная пищевая добавка
4733,"Желатин пищевой Можелит П-160, 50 г",https://edostavka.by/product/938399,"Крупы, макароны, сахар",5.35,Пищевая добавка (неуточнённая)
4775,Крахмал кукурузный Сила Природы 500 г,https://edostavka.by/product/1475751,"Крупы, макароны, сахар",3.55,Пищевая добавка (неуточнённая)
4820,Сахар ванильный Пряный дом 30 г,https://edostavka.by/product/699868,"Крупы, макароны, сахар",1.85,Пищевая добавка (неуточнённая)
4824,"Вермишель быст­ро­го при­го­тов­ле­ния Bistron со вкусом грибов, 60 г",https://edostavka.by/product/1651468,"Крупы, макароны, сахар",1.19,Комплексная пищевая добавка
4865,"Желе Лидкон со вкусом вишни, 80 г",https://edostavka.by/product/1404534,"Крупы, макароны, сахар",2.25,Комплексная пищевая добавка
4878,"Лапша Доширак со вкусом говядины,БП 90 г",https://edostavka.by/product/374190,"Крупы, макароны, сахар",6.09,Комплексная пищевая добавка
4883,Крахмал картофельный Универсальный 500 г,https://edostavka.by/product/1486993,"Крупы, макароны, сахар",3.65,Пищевая добавка (неуточнённая)
4892,"Лапша быстрого приготовления Доширак Квисти со вкусом бекона, 70 г",https://edostavka.by/product/463404,"Крупы, макароны, сахар",2.79,Пищевая добавка (неуточнённая); Комплексная пищевая добавка
4915,"Лапша быстрого приготовления Doshirak Cheese рамён c сыром, 110 г",https://edostavka.by/product/998652,"Крупы, макароны, сахар",7.79,Пищевая добавка (неуточнённая); Комплексная пищевая добавка
4927,"Лапша быстрого приготовления Доширак Чан Рамен, вкус говядины,БП 120 г",https://edostavka.by/product/866996,"Крупы, макароны, сахар",6.25,Пищевая добавка (неуточнённая); Комплексная пищевая добавка
4929,"Приправа Лидские приправы к супу, 30 г",https://edostavka.by/product/47624,"Крупы, макароны, сахар",2.35,Пищевая добавка (неуточнённая)
4930,"Мучная смесь Лидская мука Оладьи домашние, 500 г",https://edostavka.by/product/394994,"Крупы, макароны, сахар",3.05,Пищевая добавка (неуточнённая)
4939,"Кисель Лидкон малина, 220 г",https://edostavka.by/product/561220,"Крупы, макароны, сахар",2.79,Пищевая добавка (неуточнённая)
4943,"Лапша быстрого приготовления Доширак Чан Рамен, вкус курицы, 120г",https://edostavka.by/product/866995,"Крупы, макароны, сахар",6.25,Пищевая добавка (неуточнённая); Комплексная пищевая добавка
4945,"Кисель Лидкон вишня, 220 г",https://edostavka.by/product/561218,"Крупы, макароны, сахар",2.79,Пищевая добавка (неуточнённая)
4948,"Лапша быстрого приготовления Биг Ланч соте с курицей и пряными травами, 75 г",https://edostavka.by/product/2142653,"Крупы, макароны, сахар",2.95,Комплексная пищевая добавка
4963,"Лапша Доширак со вкусом курицы, 90 г",https://edostavka.by/product/391808,"Крупы, макароны, сахар",6.09,Пищевая добавка (неуточнённая); Комплексная пищевая добавка
4971,"Лапша быстрого приготовления Биг Ланч соте с курицей и пряными травами, 90 г",https://edostavka.by/product/2138109,"Крупы, макароны, сахар",5.99,Комплексная пищевая добавка
4988,"Лапша быстрого приготовления Биг Ланч соте с курицей и пряными травами, 65 г",https://edostavka.by/product/2143895,"Крупы, макароны, сахар",4.05,Комплексная пищевая добавка
4997,"Паприка красная Без понтов молотая копченая, 20 г",https://edostavka.by/product/1395068,"Крупы, макароны, сахар",4.55,Комплексная пищевая добавка
4999,"Лапша Биг Ланч фрикасе с цыпленком и черным трюфелем, 75 г",https://edostavka.by/product/2180181,"Крупы, макароны, сахар",3.35,Комплексная пищевая добавка
5003,"Желе Лидкон со вкусом лимон-мята, 80 г",https://edostavka.by/product/2073614,"Крупы, макароны, сахар",2.49,Комплексная пищевая добавка
5028,"Кисель Лидкон земляника, 220 г",https://edostavka.by/product/561223,"Крупы, макароны, сахар",2.79,Пищевая добавка (неуточнённая); Комплексная пищевая добавка
5040,"Кисель Лидкон клюква, 220 г",https://edostavka.by/product/561225,"Крупы, макароны, сахар",2.79,Пищевая добавка (неуточнённая)
5042,"Лапша быстрого приготовления Биг Ланч рагу с говядиной и чили перцем , 90 г",https://edostavka.by/product/2138111,"Крупы, макароны, сахар",5.39,Комплексная пищевая добавка
5074,"Кисель не требующий варки Лидкон Пряная вишня, 200 г",https://edostavka.by/product/1631651,"Крупы, макароны, сахар",3.15,Комплексная пищевая добавка
5095,"Кисель Лидкон черника, 220 г",https://edostavka.by/product/561226,"Крупы, макароны, сахар",2.79,Пищевая добавка (неуточнённая); Комплексная пищевая добавка
5101,Лимонная кислота Эколайн 100 г,https://edostavka.by/product/880865,"Крупы, макароны, сахар",6.45,Пищевая добавка (неуточнённая)
5105,"Лапша быстрого приготовления Анаком со вкусом Шурпа, 90 г",https://edostavka.by/product/2240090,"Крупы, макароны, сахар",3.45,Комплексная пищевая добавка
5148,Агар пищевой Dr.Bakers 7 г,https://edostavka.by/product/1827087,"Крупы, макароны, сахар",12.39,Пищевая добавка (неуточнённая)
5209,Кислота лимонная Спец 100 г,https://edostavka.by/product/2141849,"Крупы, макароны, сахар",6.15,Пищевая добавка (неуточнённая)
5222,"Лапша быстрого приготовления Анаком со вкусом Лагман, 90 г",https://edostavka.by/product/2240089,"Крупы, макароны, сахар",4.15,Комплексная пищевая добавка
5268,"Кисель не требующий варки Лидкон вкус лесная ягода, с кальцием, 200 г",https://edostavka.by/product/1673569,"Крупы, макароны, сахар",5.79,Комплексная пищевая добавка
5277,"Лапша быстрого приготовления Анаком со вкусом Фо Бо, 90 г",https://edostavka.by/product/2240093,"Крупы, макароны, сахар",5.75,Комплексная пищевая добавка
5298,"Суп-пюре Лидкон томатный с базиликом, не требующий варки, 20 г",https://edostavka.by/product/2100962,"Крупы, макароны, сахар",1.99,Комплексная пищевая добавка
5301,"Лапша Биг Ланч фрикасе с цыпленком и черным трюфелем, 90 г",https://edostavka.by/product/2180182,"Крупы, макароны, сахар",6.69,Комплексная пищевая добавка
5446,"Кисель не требующий варки Лидкон Лимон-имбирь, 200 г",https://edostavka.by/product/1631650,"Крупы, макароны, сахар",5.79,Комплексная пищевая добавка
5462,"Смесь панировочная Tamaki оригинальная, 1 кг",https://edostavka.by/product/2234862,"Крупы, макароны, сахар",26.99,Комплексная пищевая добавка
5508,Глутамат натрия Fish & Food 454 г,https://edostavka.by/product/2176124,"Крупы, макароны, сахар",26.19,Пищевая добавка (неуточнённая)
5510,"Глазурь Gurmina со вкусом Розовый шоколад, зеркальная, 100 г",https://edostavka.by/product/2220714,"Крупы, макароны, сахар",10.25,Комплексная пищевая добавка
5511,"Глазурь Gurmina со вкусом Клубничное безе, перламутровая, 100 г",https://edostavka.by/product/2220715,"Крупы, макароны, сахар",10.25,Комплексная пищевая добавка
5512,"Глазурь Gurmina со вкусом Bubble gum, перламутровая, 100 г",https://edostavka.by/product/2220716,"Крупы, макароны, сахар",10.25,Комплексная пищевая добавка
5513,"Глазурь Gurmina со вкусом Тирамису, перламутровая, 100 г",https://edostavka.by/product/2220717,"Крупы, макароны, сахар",10.25,Комплексная пищевая добавка
5514,"Глазурь Gurmina со вкусом Фисташковый Macaron, перламутровая, 100 г",https://edostavka.by/product/2220718,"Крупы, макароны, сахар",10.25,Комплексная пищевая добавка
5540,"Майонез Провансаль Люкс 67 %, 400 г",https://edostavka.by/product/1932658,"Масло, консервация, соусы",2.95,Комплексная пищевая добавка
5552,"Майонез Камако Провансаль Столичный 50%, 400 г",https://edostavka.by/product/534931,"Масло, консервация, соусы",4.75,Комплексная пищевая добавка
5560,"Соус майонезный АВС Европейский Постный 20%, 360 г",https://edostavka.by/product/1159406,"Масло, консервация, соусы",2.09,Комплексная пищевая добавка
5572,"Горчица Золотая капля Нежная, 190 г",https://edostavka.by/product/2233546,"Масло, консервация, соусы",1.69,Комплексная пищевая добавка
5594,"Майонез Махеевъ с перепелиным яйцом 67%, 380 г",https://edostavka.by/product/202510,"Масло, консервация, соусы",5.35,Пищевая добавка (неуточнённая)
5596,"Майонез Камако Провансаль Столичный 50%, 600 г",https://edostavka.by/product/723654,"Масло, консервация, соусы",6.55,Комплексная пищевая добавка
5609,"Горчица Золотая капля Европейская, 190 г",https://edostavka.by/product/2233547,"Масло, консервация, соусы",1.95,Комплексная пищевая добавка
5634,"Хрен Золотая капля Белорусский со свеклой, 190 г",https://edostavka.by/product/2222281,"Масло, консервация, соусы",2.79,Комплексная пищевая добавка
5636,"Хрен Золотая капля Белорусский классический, 190 г",https://edostavka.by/product/2240823,"Масло, консервация, соусы",3.39,Комплексная пищевая добавка
5639,"Майонез ABC Наполеон, 70%, 360 г",https://edostavka.by/product/935972,"Масло, консервация, соусы",3.59,Комплексная пищевая добавка
5712,"Майонез АВС Моковский Провансаль 51%, 360 г",https://edostavka.by/product/1167889,"Масло, консервация, соусы",5.35,Комплексная пищевая добавка
5729,"Майонез Золотая капля с трюфелем 50%, 300 г",https://edostavka.by/product/2203004,"Масло, консервация, соусы",5.69,Комплексная пищевая добавка
5796,Соус кунжутный Fish & Food 30 г,https://edostavka.by/product/1920137,"Масло, консервация, соусы",1.69,Комплексная пищевая добавка
5836,"Соус майонезный Roleski горчично-медовый, 300 г",https://edostavka.by/product/2162858,"Масло, консервация, соусы",8.99,Пищевая добавка (неуточнённая)
5935,"Соус майонезный Roleski Чесночный, 300 г",https://edostavka.by/product/991362,"Масло, консервация, соусы",12.09,Пищевая добавка (неуточнённая)
5953,Соус терияки Fish & Food 30 г,https://edostavka.by/product/2070759,"Масло, консервация, соусы",1.35,Комплексная пищевая добавка
5957,Соус сырный Izumi Food 450 г,https://edostavka.by/product/2213730,"Масло, консервация, соусы",10.49,Комплексная пищевая добавка
5958,"Соус ореховый Izumi Food, 450 мл",https://edostavka.by/product/2242434,"Масло, консервация, соусы",20.05,Комплексная пищевая добавка
6035,"Соус майонезный Roleski 3 чеснока, 310 г",https://edostavka.by/product/2165328,"Масло, консервация, соусы",8.59,Пищевая добавка (неуточнённая)
6036,"Соус майонезный  Roleski 3 перца, 305 г",https://edostavka.by/product/2165332,"Масло, консервация, соусы",11.59,Пищевая добавка (неуточнённая)
6044,"Соус майонезный Astoria Сырный 42%, 233 г",https://edostavka.by/product/2203754,"Масло, консервация, соусы",4.35,Комплексная пищевая добавка
6078,"Соус майонезный Roleski Бельгийский для картофеля фри, 290 г",https://edostavka.by/product/991472,"Масло, консервация, соусы",6.75,Пищевая добавка (неуточнённая)
6133,"Снеки Онега сырные подушечки, со вкусом сметаны и сыра, 70 г",https://edostavka.by/product/2092873,"Чипсы, орехи, снеки",3.05,Комплексная пищевая добавка
6134,"Чипсы Lay's сыр, 140 г",https://edostavka.by/product/1402521,"Чипсы, орехи, снеки",7.19,Комплексная пищевая добавка
6141,"Чипсы Бульба Chips со вкусом боровиков, 75 г",https://edostavka.by/product/706350,"Чипсы, орехи, снеки",2.75,Комплексная пищевая добавка
6142,Чипсы Бульба Chips со вкусом сметаны и лука 75 г,https://edostavka.by/product/571172,"Чипсы, орехи, снеки",2.75,Комплексная пищевая добавка
6147,"Снеки Онега со вкусом кранчи чикен, 70 г",https://edostavka.by/product/2228782,"Чипсы, орехи, снеки",3.05,Комплексная пищевая добавка
6164,"Чипсы рифленые Онега со вкусом сыра Начо, 67 г",https://edostavka.by/product/2235639,"Чипсы, орехи, снеки",3.19,Комплексная пищевая добавка
6165,"Чипсы Lay's рифленые, лосось в сливочном соусе, 140 г",https://edostavka.by/product/1402514,"Чипсы, орехи, снеки",7.19,Комплексная пищевая добавка
6168,"Соломка картофельная Бульба Sticks, соломка, кетчуп, 75 г",https://edostavka.by/product/698086,"Чипсы, орехи, снеки",3.09,Комплексная пищевая добавка
6177,"Чипсы Mega Chips грибы со сметаной, 200 г",https://edostavka.by/product/512301,"Чипсы, орехи, снеки",5.45,Пищевая добавка (неуточнённая)
6188,"Соломка картофельная Бульба Sticks, соломка, сметана и лук, 75 г",https://edostavka.by/product/698087,"Чипсы, орехи, снеки",3.09,Комплексная пищевая добавка
6189,Чипсы Mega Chips 5х100 г,https://edostavka.by/product/2212767,"Чипсы, орехи, снеки",12.99,Комплексная пищевая добавка
6190,"Сухари-гренки Ringas со вкусом сметаны и зелени, 80 г",https://edostavka.by/product/1019746,"Чипсы, орехи, снеки",2.19,Комплексная пищевая добавка
6191,"Чипсы Lay's Из печи, мусс из лосося с авокадо, 81 г",https://edostavka.by/product/2132788,"Чипсы, орехи, снеки",6.25,Комплексная пищевая добавка
6196,"Чипсы Mega Chips лимон и чили, 100 г",https://edostavka.by/product/2235074,"Чипсы, орехи, снеки",3.59,Комплексная пищевая добавка
6202,"Арахис ХрусNUT в хрустящей корочке, mix, 50 г",https://edostavka.by/product/2139527,"Чипсы, орехи, снеки",1.85,Комплексная пищевая добавка
6203,"Снеки картофельные Don Potato's сметана и лук, 80 г",https://edostavka.by/product/400319,"Чипсы, орехи, снеки",1.85,Пищевая добавка (неуточнённая)
6211,"Чипсы Lay's Из Печи, вяленые томаты и базилик, 81 г",https://edostavka.by/product/2036128,"Чипсы, орехи, снеки",6.25,Комплексная пищевая добавка
6216,"Арахис ХрусNUT в хрустящей корочке, сыр, 50 г",https://edostavka.by/product/2139526,"Чипсы, орехи, снеки",1.85,Комплексная пищевая добавка
6231,"Чипсы Mega Chips со вкусом пиццы пепперони, 100 г",https://edostavka.by/product/706343,"Чипсы, орехи, снеки",3.59,Комплексная пищевая добавка
6236,"Чипсы Lay's сыр, 70 г",https://edostavka.by/product/1772436,"Чипсы, орехи, снеки",4.79,Комплексная пищевая добавка
6237,"Арахис Docker's в хрустящей корочке, микс вкусов, 500 г",https://edostavka.by/product/1327844,"Чипсы, орехи, снеки",8.19,Комплексная пищевая добавка
6242,"Чипсы Бульба Chips деревенские копчености, 150 г",https://edostavka.by/product/843584,"Чипсы, орехи, снеки",5.15,Комплексная пищевая добавка
6246,"Чипсы Бульба Chips заморский краб, 150 г",https://edostavka.by/product/839947,"Чипсы, орехи, снеки",5.15,Комплексная пищевая добавка
6254,"Чипсы рифленые Онега со вкусом стейка на гриле, 67 г",https://edostavka.by/product/2235642,"Чипсы, орехи, снеки",3.19,Комплексная пищевая добавка
6260,"Арахис ХрусNUT в хрустящей корочке, васаби, 50 г",https://edostavka.by/product/2139529,"Чипсы, орехи, снеки",1.85,Комплексная пищевая добавка
6279,"Чипсы Онега со вкусом сметаны с луком, 67 г",https://edostavka.by/product/2241429,"Чипсы, орехи, снеки",3.19,Комплексная пищевая добавка
6283,"Чипсы Lay's Stax, ароматные ребрышки барбекю, 140 г",https://edostavka.by/product/1273768,"Чипсы, орехи, снеки",12.49,Комплексная пищевая добавка
6287,"Чипсы Онега со вкусом краба, 67 г",https://edostavka.by/product/2241453,"Чипсы, орехи, снеки",3.19,Комплексная пищевая добавка
6290,"Су­ха­ри­ки Хрусteam стейк и черный перец, 140 г",https://edostavka.by/product/2063191,"Чипсы, орехи, снеки",3.89,Комплексная пищевая добавка
6300,"Арахис ХрусNUT сочное барбекю, 50 г",https://edostavka.by/product/2183685,"Чипсы, орехи, снеки",1.85,Комплексная пищевая добавка
6308,"Се­меч­ки под­сол­неч­ни­ка От Мар­ти­на белые, со вкусом бекона, 100 г",https://edostavka.by/product/1924299,"Чипсы, орехи, снеки",4.29,Комплексная пищевая добавка
6315,"Арахис ХрусNUT васаби, бекон и сыр, 110 г",https://edostavka.by/product/2183683,"Чипсы, орехи, снеки",3.25,Комплексная пищевая добавка
6318,"Арахис ХрусNUT сметана и лук, 110 г",https://edostavka.by/product/2183684,"Чипсы, орехи, снеки",3.25,Комплексная пищевая добавка
6325,"Чипсы Just Brutal со вкусом сметаны и лука, 100 г",https://edostavka.by/product/1838329,"Чипсы, орехи, снеки",7.85,Комплексная пищевая добавка
6346,"Снеки Deluna кукурузные ракушки, со вкусом краба, 60 г",https://edostavka.by/product/2175014,"Чипсы, орехи, снеки",1.99,Комплексная пищевая добавка
6347,"Арахис ХрустОК микс, 500 г",https://edostavka.by/product/2183688,"Чипсы, орехи, снеки",9.89,Комплексная пищевая добавка
6356,"Чипсы Онега со вкусом краба, 90 г ",https://edostavka.by/product/2174747,"Чипсы, орехи, снеки",3.25,Комплексная пищевая добавка
6367,"Чипсы Онега со вкусом краба, 120 г",https://edostavka.by/product/2241430,"Чипсы, орехи, снеки",5.15,Комплексная пищевая добавка
6368,"Чипсы Онега со вкусом сметаны с луком, 120 г",https://edostavka.by/product/2241431,"Чипсы, орехи, снеки",5.15,Комплексная пищевая добавка
6399,"Чипсы Онега со вкусом сметаны и лука, 90 г",https://edostavka.by/product/2022069,"Чипсы, орехи, снеки",3.25,Комплексная пищевая добавка
6407,"Арахис ХрустОК жареный, в хрустящей корочке, бекон, сыр, васаби, 1 кг",https://edostavka.by/product/922496,"Чипсы, орехи, снеки",19.55,Комплексная пищевая добавка
6413,"Арахис Chiples в хрустящей корочке, барбекю, 1 кг",https://edostavka.by/product/2237053,"Чипсы, орехи, снеки",19.15,Комплексная пищевая добавка
6414,"Арахис Chiples в хрустящей корочке, васаби, 1 кг ",https://edostavka.by/product/2237054,"Чипсы, орехи, снеки",19.15,Комплексная пищевая добавка
6432,"Снеки Deluna кукурузные ракушки, со вкусом сметаны и лука,  60 г",https://edostavka.by/product/2172690,"Чипсы, орехи, снеки",3.39,Комплексная пищевая добавка
6440,"Сухарики Емеля со вкусом маринованных огурчиков, 150 г",https://edostavka.by/product/2240884,"Чипсы, орехи, снеки",5.15,Комплексная пищевая добавка
6453,"Арахис ХрустОК сметана и лук, 1 кг",https://edostavka.by/product/2183690,"Чипсы, орехи, снеки",19.55,Комплексная пищевая добавка
6455,"Чипсы Just Brutal мексиканский сальса, 85 г ",https://edostavka.by/product/2228779,"Чипсы, орехи, снеки",4.15,Комплексная пищевая добавка
6476,"Маршмеллоу Бон Пари кислые в кубе, со вкусом фруктов, 65 г",https://edostavka.by/product/1979642,Сладости,2.59,Комплексная пищевая добавка
6517,"Пирожное бисквитное Медвежонок Барни с молочной начинкой, 150 г",https://edostavka.by/product/1418839,Сладости,5.65,Влагоудерживающий агент
6518,"Печенье овсяное Сладкая слобода Домашнее, лимонное, 1 кг",https://edostavka.by/product/2234260,Сладости,12.59,Влагоудерживающий агент
6533,"Печенье Пекаby овсяное, с изюмом, 500 г",https://edostavka.by/product/1912123,Сладости,4.33,Пищевая добавка (неуточнённая)
6537,"Печенье Салита крендель с сахаром, 700 г",https://edostavka.by/product/577288,Сладости,5.68,Пищевая добавка (неуточнённая)
6555,"Карамель леденцовая Chupa Chups XXL 4D, 29 г",https://edostavka.by/product/379616,Сладости,1.55,Влагоудерживающий агент
6567,"Мармелад жевательный Tinki Кiслыя чарвячкi, 75 г",https://edostavka.by/product/1525147,Сладости,1.89,Комплексная пищевая добавка
6570,"Мармелад Красный пищевик MixСок, клубника, апельсин, лимон, вишня, 300 г",https://edostavka.by/product/2081656,Сладости,5.31,Комплексная пищевая добавка
6571,"Конфеты желейные Слодыч Ежемалина, микс, 75 г",https://edostavka.by/product/1781116,Сладости,1.29,Влагоудерживающий агент; Комплексная пищевая добавка
6580,"Печенье Пекаby брауни, 500 г",https://edostavka.by/product/1852452,Сладости,7.24,Комплексная пищевая добавка
6584,"Крекер Tuc солёный, мини со вкусом сметаны и лука, 110 г",https://edostavka.by/product/2041592,Сладости,5.21,Комплексная пищевая добавка
6594,Мучное кондитерское изделие в глазури Lotte choco pie 336 г,https://edostavka.by/product/2145654,Сладости,9.19,Влагоудерживающий агент; Комплексная пищевая добавка
6615,"Печенье Завидное комбинированное, 1 кг",https://edostavka.by/product/838501,Сладости,17.98,Комплексная пищевая добавка
6620,"Мармелад жевательный Tinki Бутэлечкi, 75 г",https://edostavka.by/product/1526664,Сладости,1.89,Комплексная пищевая добавка
6631,"Мармелад жевательный Красный пищевик Медзведзяняты, 75 г",https://edostavka.by/product/1517118,Сладости,1.89,Комплексная пищевая добавка
6634,"Сладость мучная Pekaby овсяное с шоколадной крошкой, 700 г",https://edostavka.by/product/1792015,Сладости,6.9,Комплексная пищевая добавка
6637,"Рулет бисквитный Kovis варёная сгущенка, 175 г",https://edostavka.by/product/113819,Сладости,3.35,Влагоудерживающий агент
6640,"Карамель леденцовая Chupa Chups XXL Trio, с жевательной резинкой, 29 г",https://edostavka.by/product/506062,Сладости,1.55,Влагоудерживающий агент
6644,"Пирожное бисквитное Медвежонок Барни с шоколадной начинкой, 150 г",https://edostavka.by/product/1418841,Сладости,9.05,Влагоудерживающий агент
6651,"Шоколад Коммунарка темный с начинкой со вкусом арбуз, ананас, 100 г",https://edostavka.by/product/2214326,Сладости,4,Комплексная пищевая добавка
6654,"Мар­ме­лад  жевательный Tinki Марское паляванне, 75 г",https://edostavka.by/product/2093599,Сладости,1.89,Комплексная пищевая добавка
6657,Печенье Южное 700 г,https://edostavka.by/product/1912135,Сладости,6.78,Комплексная пищевая добавка
6659,"Печенье  Сладкие традиции слоёное, штрудель с вишневой начинкой, 700 г",https://edostavka.by/product/953350,Сладости,10.67,Улучшитель хлебобулочный
6662,"Конфеты Красный пищевик Залатая пчолка кiслы смак, 1 кг",https://edostavka.by/product/2223196,Сладости,23.45,Влагоудерживающий агент
6673,"Карамель Спартак Рачки с арахисом, 150 г",https://edostavka.by/product/242656,Сладости,2.31,Влагоудерживающий агент
6687,"Крекер Tuc солёный, мини со вкусом сыра, 110 г",https://edostavka.by/product/2041593,Сладости,5.21,Комплексная пищевая добавка
6689,"Шоколад Коммунарка темный с начинкой с пюре из клюквы, 100 г",https://edostavka.by/product/2174936,Сладости,4.33,Комплексная пищевая добавка
6695,"Печенье ТКМ янтарные сладости желе светофор, 760 г",https://edostavka.by/product/2166161,Сладости,19.75,Влагоудерживающий агент; Комплексная пищевая добавка
6704,"Конфеты глазированные Коммунарка Трюфельные, вафельные в молочном шоколаде, 200 г",https://edostavka.by/product/2122934,Сладости,6.33,Комплексная пищевая добавка
6706,"Мармелад жевательный Бон Пари кислые червячки, 75 г",https://edostavka.by/product/89004,Сладости,2.59,Комплексная пищевая добавка
6709,"Жевательная резинка Eclipse ледяная вишня, 13.6 г",https://edostavka.by/product/248433,Сладости,2.15,Влагоудерживающий агент
6716,Мармелад жевательный Tinki кактусы 75г,https://edostavka.by/product/2038746,Сладости,1.89,Комплексная пищевая добавка
6718,"Мармелад жевательный Бон Пари кислые змейки, 120 г",https://edostavka.by/product/879807,Сладости,3.39,Комплексная пищевая добавка
6727,Печенье Пекабайки 700 г,https://edostavka.by/product/1912134,Сладости,7.14,Комплексная пищевая добавка
6731,"Мар­ме­лад  жевательный Tinki Кашмарыкi, 75 г",https://edostavka.by/product/2093600,Сладости,1.89,Комплексная пищевая добавка
6746,"Сладости восточные Филло клюква, 900 г",https://edostavka.by/product/2234217,Сладости,26.95,Комплексная пищевая добавка
6754,"Маффины Русский бисквит мини, с вареной сгущенкой, 465 г",https://edostavka.by/product/744418,Сладости,8.49,Комплексная пищевая добавка; Влагоудерживающий агент
6757,"Конфеты глазированные Ивкон микс классический, 580 г",https://edostavka.by/product/2236669,Сладости,7.39,Комплексная пищевая добавка
6762,"Шоколад Коммунарка темный с начинкой с пюре из черной смородины, 100 г",https://edostavka.by/product/2174929,Сладости,4.33,Комплексная пищевая добавка
6768,"Шоколад Коммунарка темный с начинкой пюре клюквы, 180 г",https://edostavka.by/product/2213812,Сладости,7.82,Комплексная пищевая добавка
6776,Конфеты желейные Желейный микс 200 г,https://edostavka.by/product/1383567,Сладости,3.75,Влагоудерживающий агент
6779,"Мармелад желейный Tinki Дыназаўры, 75 г",https://edostavka.by/product/1526675,Сладости,1.89,Комплексная пищевая добавка
6795,"Зефир Шоколадово с арахисом, глазированный, 1 кг",https://edostavka.by/product/1846570,Сладости,18.98,Влагоудерживающий агент
6796,"Крекер Tuc со вкусом копченые колбаски, 100 г",https://edostavka.by/product/697252,Сладости,4.03,Комплексная пищевая добавка
6805,"Мармелад жевательный Красный пищевик Колечки кислые, 500 г",https://edostavka.by/product/2285990,Сладости,14.13,Комплексная пищевая добавка
6809,"Мармелад  желейный Красный пищевик Чудо-фрукты, 1 кг",https://edostavka.by/product/66601,Сладости,28.26,Комплексная пищевая добавка
6825,"Конфеты жевательные Слодыч Жирафик микс, 200 г",https://edostavka.by/product/1781114,Сладости,3.89,Влагоудерживающий агент
6826,"Конфеты желейные Слодыч Супер-Червячки, микс, 75 г",https://edostavka.by/product/1781115,Сладости,1.39,Комплексная пищевая добавка
6841,"Карамель Спартак Травушка-Муравушка, 150 г",https://edostavka.by/product/248648,Сладости,2.31,Комплексная пищевая добавка
6859,"Карамель Бон Пари ассорти, 75 г.",https://edostavka.by/product/68610,Сладости,1.99,Комплексная пищевая добавка
6863,"Маффины Русский бисквит мини,с ароматом сливок и клубничным джемом, 465 г",https://edostavka.by/product/744425,Сладости,8.49,Влагоудерживающий агент
6866,"Конфеты глазированные Коммунарка Вафельные сюжеты, вкус ореха пекан, 1 кг",https://edostavka.by/product/2144658,Сладости,22.09,Комплексная пищевая добавка
6879,"Зефир Шоколадово карамельной глазурью с арахисом, глазированный , 1 кг",https://edostavka.by/product/1973996,Сладости,18.42,Влагоудерживающий агент
6880,"Сладости восточные Филло апельсин, 900 г",https://edostavka.by/product/2234215,Сладости,24.25,Комплексная пищевая добавка
6883,"Жевательная резинка Orbit White, гранат-малина, 13.6 г",https://edostavka.by/product/1852428,Сладости,2.85,Влагоудерживающий агент
6887,"Печенье ТКМ янтарные сладости, ассорти, 1 кг                              ",https://edostavka.by/product/2202889,Сладости,27.55,Влагоудерживающий агент; Пищевая добавка (неуточнённая)
6897,"Маффины Русский бисквит мини, с шоколадным вкусом, 465 г",https://edostavka.by/product/794443,Сладости,8.49,Комплексная пищевая добавка; Влагоудерживающий агент
6906,"Шоколад Коммунарка темный с начинкой пюре черной смородины, 180 г",https://edostavka.by/product/2208891,Сладости,7.82,Комплексная пищевая добавка
6914,"Пирожное бисквитное Медвежонок Барни банан и йогурт, 150 г",https://edostavka.by/product/1418842,Сладости,9.19,Влагоудерживающий агент
6939,"Крекер Любятово витаминный, 300 г",https://edostavka.by/product/703124,Сладости,4.03,Комплексная пищевая добавка
6945,"Конфеты жевательные Кремка ассорти, 1 кг",https://edostavka.by/product/2242711,Сладости,13.95,Влагоудерживающий агент
6952,"Шоколад Ritter Sport темный с мятой, 100 г",https://edostavka.by/product/659701,Сладости,11.34,Влагоудерживающий агент
6977,"Жевательная резинка Orbit классический, 10.2 г",https://edostavka.by/product/35038,Сладости,2.59,Влагоудерживающий агент
6980,"Карамель Бон Пари Taste of Fruity Cola, вкус колы и фруктов, 200 г",https://edostavka.by/product/1690534,Сладости,4.29,Комплексная пищевая добавка
6993,"Мар­ме­лад  жевательный  Красный пищевик кашмарыкi, 1 кг",https://edostavka.by/product/2195595,Сладости,28.26,Комплексная пищевая добавка
6994,"Набор конфет Impresso с фисташкой, 160 г",https://edostavka.by/product/2227257,Сладости,8.89,Комплексная пищевая добавка
6997,"Жевательная резинка Dirol X-Fresh, ледяной мандарин, 16 г",https://edostavka.by/product/652875,Сладости,4.49,Влагоудерживающий агент
7013,"Карамель Бон Пари ассорти, 1 кг",https://edostavka.by/product/105872,Сладости,17.09,Комплексная пищевая добавка
7014,"Крекер Tuc солёный со вкусом краба, 100 г",https://edostavka.by/product/2062711,Сладости,4.33,Комплексная пищевая добавка
7033,"Конфеты глазированные «Славянка» Лёвушка, 1 кг",https://edostavka.by/product/391397,Сладости,38.45,Комплексная пищевая добавка
7044," Конфеты глазированные Коммунарка трюфельные, вафельные в молочном шоколаде, 1 кг",https://edostavka.by/product/2102798,Сладости,31.77,Комплексная пищевая добавка
7045,Печенье Сласт-Триумф 1 кг,https://edostavka.by/product/2089767,Сладости,14.28,Пищевая добавка (неуточнённая)
7051,"Пирог Итальянский пай, черника, 400 г    ",https://edostavka.by/product/357782,Сладости,10.49,Комплексная пищевая добавка
7052,"Жевательная резинка Dirol X-Fresh со вкусом черники и цитрусов,16 г",https://edostavka.by/product/821462,Сладости,2.79,Влагоудерживающий агент
7060,Сладости мучные Савоярди 300 г,https://edostavka.by/product/2281778,Сладости,8.36,Комплексная пищевая добавка
7075,"Изделие кондитерское мучное Добрые печеньки Печенюш Вишневич в белой глазури, 1 кг              ",https://edostavka.by/product/2172038,Сладости,31.95,Комплексная пищевая добавка
7076,"Вафли Знак вкуса со вкусом карамели с арахисом, 213 г",https://edostavka.by/product/1877963,Сладости,6.69,Пищевая добавка (неуточнённая)
7091,"Конфеты желейные Konti Timi mix, 1 кг",https://edostavka.by/product/1406056,Сладости,20.29,Комплексная пищевая добавка
7095,"Мармелад  желейный  Азовская кондитерская фабрика глазированный, 250 г",https://edostavka.by/product/1138089,Сладости,5.06,Комплексная пищевая добавка
7104,"Вафельные трубочки Шоколадово Chocorolls Caramel со сливочным вкусом с арахисом, 160 г",https://edostavka.by/product/2079173,Сладости,4.66,Комплексная пищевая добавка
7132,"Вафельные трубочки Шоколадово Chocorolls Classic со сливочным вкусом с арахисом, 160 г",https://edostavka.by/product/2079174,Сладости,4.9,Комплексная пищевая добавка
7149,"Конфеты глазированные Impresso с фисташкой, 1 кг",https://edostavka.by/product/2215959,Сладости,56.83,Комплексная пищевая добавка
7171,"Ирис Солнечный Лотос с начинкой глазированный, 1 кг",https://edostavka.by/product/2288344,Сладости,24.19,Комплексная пищевая добавка
7179,"Конфеты глазированные Impresso с миндалем и фисташкой, 1 кг",https://edostavka.by/product/2215960,Сладости,56.83,Комплексная пищевая добавка
7236,"Набор конфет Шоколандия помадка сливочная, 150 г",https://edostavka.by/product/2217058,Сладости,12.39,Влагоудерживающий агент
7246,"Крекер Тuc солёный со вкусом сыра, 100 г",https://edostavka.by/product/445630,Сладости,4.19,Комплексная пищевая добавка
7270,"Мучное кондитерское изделие Восточная сладость Слоянушка хлебец к чаепитию, 500 г",https://edostavka.by/product/2242829,Сладости,24.19,Пищевая добавка (неуточнённая)
7282,"Пастилки Exponenta Candy Pro с высоким содержанием белка, яблоко-киви, 65 г",https://edostavka.by/product/2244494,Здоровое питание,8.09,Комплексная пищевая добавка
7283,"Пастилки Exponenta Candy Pro с высоким содержанием белка, тоффи-соленая карамель, 65 г",https://edostavka.by/product/2244496,Здоровое питание,8.09,Комплексная пищевая добавка
7284,"Пастилки Exponenta Candy Pro с высоким содержанием белка, вишня-пломбир, 65 г",https://edostavka.by/product/2244495,Здоровое питание,8.09,Комплексная пищевая добавка
7285,"Пастилки Exponenta Candy Pro с высоким содержанием белка, манго-ананас, 65 г",https://edostavka.by/product/2244493,Здоровое питание,8.09,Комплексная пищевая добавка
7288,"Хлебцы Doctor Green с черникой, 80 г",https://edostavka.by/product/890528,Здоровое питание,2.49,Пищевая добавка (неуточнённая)
7295,"Хлебцы Полоцкие экструзионные , лук и сметана, 80 г",https://edostavka.by/product/1398300,Здоровое питание,1.75,Комплексная пищевая добавка
7302,"Криспы Happy Crisp цельнозерновые, кукурузно-рисовые, со вкусом пряного томата, 50 г",https://edostavka.by/product/1196412,Здоровое питание,2.95,Комплексная пищевая добавка
7312,"Криспы Happy Crisp цельнозерновые, кукурузно-рисовые, со вкусом сметаны и лука, 50 г",https://edostavka.by/product/991415,Здоровое питание,2.95,Комплексная пищевая добавка
7324,"Тофу Vegetus твёрдый, 230 г",https://edostavka.by/product/2060804,Здоровое питание,6.49,Пищевая добавка (неуточнённая)
7342,"Хлебцы Хлебцы молодцы  Бородинские, 150 г",https://edostavka.by/product/476395,Здоровое питание,4.05,Комплексная пищевая добавка; Пищевая добавка (неуточнённая)
7349,"Криспы Happy Crisp цельнозерновые, кукурузно-рисовые, итальянская пицца, 50 г",https://edostavka.by/product/991417,Здоровое питание,2.95,Комплексная пищевая добавка
7357,"Печенье Refit шоколадный брауни, обогащённое белком, 35 г",https://edostavka.by/product/2143701,Здоровое питание,4.18,Влагоудерживающий агент
7363,"Хлебцы Хлебцы молодцы цельнозерновые, железо плюс, 100 г",https://edostavka.by/product/20251,Здоровое питание,2.45,Пищевая добавка (неуточнённая)
7405,"Печенье овсяное Хлебный спас с топинамбуром и экстрактом стевии, 180 г",https://edostavka.by/product/1855189,Здоровое питание,7.48,Комплексная пищевая добавка
7418,"Печенье протеиновое Refit солёная карамель с арахисом, обогащённое белком, 35 г",https://edostavka.by/product/2143704,Здоровое питание,4.15,Влагоудерживающий агент
7426,"Протеиновый батончик Bombbar глазированный, кокосовый торт, 40 г",https://edostavka.by/product/968851,Здоровое питание,5.35,Влагоудерживающий агент
7438,"Хлебцы Хлебцы молодцы Лайт, вафельные, 70 г",https://edostavka.by/product/247771,Здоровое питание,1.89,Пищевая добавка (неуточнённая)
7439,Сосиски растительные Dr. Grun Пражские 300 г,https://edostavka.by/product/1788905,Здоровое питание,18.85,Комплексная пищевая добавка
7442,"Вафли Mini Colorie с шоколадом на стевии, 122 г",https://edostavka.by/product/1893030,Здоровое питание,5.17,Пищевая добавка (неуточнённая)
7444,"Пе­че­нье протеиновое Refit клубника со сливками, обогащённое белком, 40 г",https://edostavka.by/product/2184983,Здоровое питание,3.96,Влагоудерживающий агент
7450,"Печенье протеиновое Refit малина в шоколаде, обогащённое белком, 35 г",https://edostavka.by/product/2143702,Здоровое питание,4.18,Влагоудерживающий агент
7495,"Колбаса вареная докторская Vego, 500 г",https://edostavka.by/product/996529,Здоровое питание,30.45,Комплексная пищевая добавка
7506,"Протеиновый батончик Bombbar глазированный, фисташковая меренга, 40 г",https://edostavka.by/product/968823,Здоровое питание,5.35,Влагоудерживающий агент
7533,"Протеиновый батончик Bombbar глазированный, фундучное пралине, 40 г",https://edostavka.by/product/982880,Здоровое питание,5.35,Влагоудерживающий агент
7586,"Печенье протеиновое Refit тирамису в шоколаде, 40 г",https://edostavka.by/product/2201065,Здоровое питание,4.69,Влагоудерживающий агент
7587,"Печенье протеиновое Refit три шоколада в шоколаде, 40 г",https://edostavka.by/product/2201067,Здоровое питание,4.69,Влагоудерживающий агент
7605,"Протеиновый батончик Daribar со вкусом брауни, 40 г",https://edostavka.by/product/2235351,Здоровое питание,4.19,Влагоудерживающий агент
7613,"Пе­че­нье протеиновое Refit два шоколада, обогащённое белком, 40 г",https://edostavka.by/product/2184982,Здоровое питание,3.96,Влагоудерживающий агент
7640,"Протеиновый батончик Daribar со вкусом фисташки, 40 г",https://edostavka.by/product/2235357,Здоровое питание,4.19,Комплексная пищевая добавка; Влагоудерживающий агент
